word	lakok	lakom
pesíredik	pesíredek	pesíredem
búdotólik	búdotólok	búdotólom
degedik	degedek	degedem
szöpilelik	szöpilelek	szöpilelem
műrüzözik	műrüzözök	műrüzözöm
vigezik	vigezek	vigezem
ridelik	ridelek	ridelem
zogtorosozózik	zogtorosozózok	zogtorosozózom
sazodik	sazodok	sazodom
gűdözőlik	gűdözőlök	gűdözőlöm
vülödik	vülödök	vülödöm
sőlözik	sőlözök	sőlözöm
jávotólik	jávotólok	jávotólom
vugotódik	vugotódok	vugotódom
pűszelezik	pűszelezek	pűszelezem
röszteledik	röszteledek	röszteledem
kúkozik	kúkozok	kúkozom
tőfödőzik	tőfödőzök	tőfödőzöm
rősölődik	rősölődök	rősölődöm
repüntölik	repüntölök	repüntölöm
lírkilúkodik	lírkilúkodok	lírkilúkodom
pűdődik	pűdődök	pűdődöm
nübisűtélezik	nübisűtélezek	nübisűtélezem
kókolik	kókolok	kókolom
fókolik	fókolok	fókolom
dogodik	dogodok	dogodom
tóvozodolik	tóvozodolok	tóvozodolom
bolilalózik	bolilalózok	bolilalózom
darjarógódik	darjarógódok	darjarógódom
púlalózik	púlalózok	púlalózom
pésedegezik	pésedegezek	pésedegezem
mekídekezik	mekídekezek	mekídekezem
léblilelik	léblilelek	léblilelem
ríledik	ríledek	ríledem
lókazodik	lókazodok	lókazodom
kozalolik	kozalolok	kozalolom
sőlődik	sőlődök	sőlődöm
salmutálodik	salmutálodok	salmutálodom
süszüjőződik	süszüjőződök	süszüjőződöm
kágozik	kágozok	kágozom
súkózik	súkózok	súkózom
dólolik	dólolok	dólolom
lánunozik	lánunozok	lánunozom
fűrtíkelik	fűrtíkelek	fűrtíkelem
púgyovíjázózik	púgyovíjázózok	púgyovíjázózom
kukózik	kukózok	kukózom
sösztözik	sösztözök	sösztözöm
lotozik	lotozok	lotozom
kósmidezik	kósmidezek	kósmidezem
völölik	völölök	völölöm
sótulodik	sótulodok	sótulodom
sőmelezik	sőmelezek	sőmelezem
stovazozik	stovazozok	stovazozom
zákszalodik	zákszalodok	zákszalodom
púmatolik	púmatolok	púmatolom
silelik	silelek	silelem
subzunakáltózik	subzunakáltózok	subzunakáltózom
dísedik	dísedek	dísedem
túkolik	túkolok	túkolom
tákszírelik	tákszírelek	tákszírelem
sügözik	sügözök	sügözöm
bűdüközik	bűdüközök	bűdüközöm
szezesezik	szezesezek	szezesezem
dáfotórúgodik	dáfotórúgodok	dáfotórúgodom
fololozik	fololozok	fololozom
bülödik	bülödök	bülödöm
küprüfíredik	küprüfíredek	küprüfíredem
dővüdűlődik	dővüdűlődök	dővüdűlődöm
zódakólik	zódakólok	zódakólom
móngolosunozik	móngolosunozok	móngolosunozom
gőldügrizedik	gőldügrizedek	gőldügrizedem
lőlelelik	lőlelelek	lőlelelem
kösztetezik	kösztetezek	kösztetezem
sódolik	sódolok	sódolom
kűdekezik	kűdekezek	kűdekezem
rürílezik	rürílezek	rürílezem
mílötőzik	mílötőzök	mílötőzöm
kümekezik	kümekezek	kümekezem
víkutózik	víkutózok	víkutózom
gentedik	gentedek	gentedem
szukomíkelik	szukomíkelek	szukomíkelem
mótunyátozik	mótunyátozok	mótunyátozom
tamokodik	tamokodok	tamokodom
ketezelik	ketezelek	ketezelem
fíkikelik	fíkikelek	fíkikelem
bígízezik	bígízezek	bígízezem
zeveselik	zeveselek	zeveselem
féselelik	féselelek	féselelem
zsösfiszerezik	zsösfiszerezek	zsösfiszerezem
musítelik	musítelek	musítelem
túbaródik	túbaródok	túbaródom
kúnozik	kúnozok	kúnozom
grébökesékedik	grébökesékedek	grébökesékedem
türüjítezik	türüjítezek	türüjítezem
fíríszökőlik	fíríszökőlök	fíríszökőlöm
söszilezik	söszilezek	söszilezem
kűlözik	kűlözök	kűlözöm
künyökölik	künyökölök	künyökölöm
míkorgalólik	míkorgalólok	míkorgalólom
jőkőlik	jőkőlök	jőkőlöm
lűslüsztözik	lűslüsztözök	lűslüsztözöm
metykölőlik	metykölőlök	metykölőlöm
szönköközik	szönköközök	szönköközöm
tüszegelik	tüszegelek	tüszegelem
kűmkitelik	kűmkitelek	kűmkitelem
pűzözik	pűzözök	pűzözöm
szüjerezik	szüjerezek	szüjerezem
bédetezik	bédetezek	bédetezem
pőmikedik	pőmikedek	pőmikedem
sekövézedik	sekövézedek	sekövézedem
káfotólik	káfotólok	káfotólom
vüjrükőlik	vüjrükőlök	vüjrükőlöm
lungagyápíkedik	lungagyápíkedek	lungagyápíkedem
súputólik	súputólok	súputólom
dávobálozik	dávobálozok	dávobálozom
segílelik	segílelek	segílelem
zsáríkelik	zsáríkelek	zsáríkelem
vazódik	vazódok	vazódom
vűkölik	vűkölök	vűkölöm
kílezik	kílezek	kílezem
tázolik	tázolok	tázolom
pitrotolik	pitrotolok	pitrotolom
jasztutólik	jasztutólok	jasztutólom
kúsídúlólik	kúsídúlólok	kúsídúlólom
núdodik	núdodok	núdodom
fézidütőzik	fézidütőzök	fézidütőzöm
zürizütödik	zürizütödök	zürizütödöm
kesztezezik	kesztezezek	kesztezezem
núvasztódik	núvasztódok	núvasztódom
dálatornyánolik	dálatornyánolok	dálatornyánolom
nóroróbrokodik	nóroróbrokodok	nóroróbrokodom
vokólik	vokólok	vokólom
stogozik	stogozok	stogozom
mokutózik	mokutózok	mokutózom
röszölik	röszölök	röszölöm
tölőzik	tölőzök	tölőzöm
rínedik	rínedek	rínedem
rukolik	rukolok	rukolom
tűjüdözik	tűjüdözök	tűjüdözöm
műdőlik	műdőlök	műdőlöm
lötözik	lötözök	lötözöm
múkódik	múkódok	múkódom
blégyöködik	blégyöködök	blégyöködöm
tosotolik	tosotolok	tosotolom
főrízezik	főrízezek	főrízezem
dűntölödik	dűntölödök	dűntölödöm
jőszítedik	jőszítedek	jőszítedem
tutodik	tutodok	tutodom
pérüpelezik	pérüpelezek	pérüpelezem
kepökölik	kepökölök	kepökölöm
fílezik	fílezek	fílezem
mózolik	mózolok	mózolom
búlólik	búlólok	búlólom
zérzülözik	zérzülözök	zérzülözöm
fazotúgolik	fazotúgolok	fazotúgolom
pesztedik	pesztedek	pesztedem
tizütödik	tizütödök	tizütödöm
túgbonyakolik	túgbonyakolok	túgbonyakolom
fibezelik	fibezelek	fibezelem
kitszolózik	kitszolózok	kitszolózom
düközik	düközök	düközöm
mősöközik	mősöközök	mősöközöm
lultotvalódik	lultotvalódok	lultotvalódom
bűgődik	bűgődök	bűgődöm
böstürődíledik	böstürődíledek	böstürődíledem
tűnlízezik	tűnlízezek	tűnlízezem
dőnezelik	dőnezelek	dőnezelem
réfebűzelelik	réfebűzelelek	réfebűzelelem
pútolik	pútolok	pútolom
keküdődik	keküdődök	keküdődöm
kómozákozik	kómozákozok	kómozákozom
núsodólik	núsodólok	núsodólom
szavikelik	szavikelek	szavikelem
bídezik	bídezek	bídezem
szatulodik	szatulodok	szatulodom
tírukolik	tírukolok	tírukolom
kúlílezik	kúlílezek	kúlílezem
píkürtődik	píkürtődök	píkürtődöm
vísalákolik	vísalákolok	vísalákolom
pédzüzözik	pédzüzözök	pédzüzözöm
kiltüregűlödik	kiltüregűlödök	kiltüregűlödöm
bóborozik	bóborozok	bóborozom
fólturdodik	fólturdodok	fólturdodom
dőközik	dőközök	dőközöm
stúlmazgokódik	stúlmazgokódok	stúlmazgokódom
prőlőlik	prőlőlök	prőlőlöm
páltalúlólik	páltalúlólok	páltalúlólom
kozodik	kozodok	kozodom
tütözik	tütözök	tütözöm
dőtözik	dőtözök	dőtözöm
pukungílezik	pukungílezek	pukungílezem
spűdőlik	spűdőlök	spűdőlöm
pűpübökőlik	pűpübökőlök	pűpübökőlöm
tukolodik	tukolodok	tukolodom
tutazozik	tutazozok	tutazozom
sögelelik	sögelelek	sögelelem
nijtedik	nijtedek	nijtedem
lémeledik	lémeledek	lémeledem
jírolodik	jírolodok	jírolodom
bülkinölőzik	bülkinölőzök	bülkinölőzöm
músztodik	músztodok	músztodom
tüzözik	tüzözök	tüzözöm
dőrügyőgözik	dőrügyőgözök	dőrügyőgözöm
gülözik	gülözök	gülözöm
műzükűngőlik	műzükűngőlök	műzükűngőlöm
vüdőlik	vüdőlök	vüdőlöm
vákmamúzozik	vákmamúzozok	vákmamúzozom
kalíztúkózik	kalíztúkózok	kalíztúkózom
nelikelik	nelikelek	nelikelem
rűbügődik	rűbügődök	rűbügődöm
püvezedik	püvezedek	püvezedem
tóvulólik	tóvulólok	tóvulólom
klalózik	klalózok	klalózom
léredik	léredek	léredem
pongagódik	pongagódok	pongagódom
trijdölőzik	trijdölőzök	trijdölőzöm
vutozik	vutozok	vutozom
píszrekűtödik	píszrekűtödök	píszrekűtödöm
túgotolik	túgotolok	túgotolom
gőlötpelelik	gőlötpelelek	gőlötpelelem
mötírgepűkődik	mötírgepűkődök	mötírgepűkődöm
szisivölődik	szisivölődök	szisivölődöm
szepebűrödik	szepebűrödök	szepebűrödöm
zúsalulodik	zúsalulodok	zúsalulodom
bojotólik	bojotólok	bojotólom
fótobotolik	fótobotolok	fótobotolom
dűmekedik	dűmekedek	dűmekedem
skúfongodik	skúfongodok	skúfongodom
selezik	selezek	selezem
szigyeledik	szigyeledek	szigyeledem
mugotózik	mugotózok	mugotózom
kődőzik	kődőzök	kődőzöm
szozanózolik	szozanózolok	szozanózolom
vílolódik	vílolódok	vílolódom
bekölözik	bekölözök	bekölözöm
stágtotozik	stágtotozok	stágtotozom
fusugodik	fusugodok	fusugodom
duprígrutolik	duprígrutolok	duprígrutolom
vusagódik	vusagódok	vusagódom
fízedik	fízedek	fízedem
bomikdasztodik	bomikdasztodok	bomikdasztodom
rurtagólik	rurtagólok	rurtagólom
bómiledik	bómiledek	bómiledem
fugukódik	fugukódok	fugukódom
kóvarasolik	kóvarasolok	kóvarasolom
figelik	figelek	figelem
mirotódik	mirotódok	mirotódom
vólólik	vólólok	vólólom
föndülőzik	föndülőzök	föndülőzöm
votozik	votozok	votozom
bilelik	bilelek	bilelem
sikilelik	sikilelek	sikilelem
sededik	sededek	sededem
filelik	filelek	filelem
dőtölőzik	dőtölőzök	dőtölőzöm
fángotólozik	fángotólozok	fángotólozom
tümepögyűnőzik	tümepögyűnőzök	tümepögyűnőzöm
dözödik	dözödök	dözödöm
smúltutúnikelik	smúltutúnikelek	smúltutúnikelem
kófukódik	kófukódok	kófukódom
féjözözik	féjözözök	féjözözöm
zúrífádodik	zúrífádodok	zúrífádodom
jűpekelik	jűpekelek	jűpekelem
gunigezik	gunigezek	gunigezem
mékelik	mékelek	mékelem
fűngyilíledik	fűngyilíledek	fűngyilíledem
nütínélezik	nütínélezek	nütínélezem
ságurolálozik	ságurolálozok	ságurolálozom
trukutozik	trukutozok	trukutozom
bikünőzik	bikünőzök	bikünőzöm
pőpőlik	pőpőlök	pőpőlöm
púlpulólik	púlpulólok	púlpulólom
tozítolódik	tozítolódok	tozítolódom
pűküketelik	pűküketelek	pűküketelem
lözőzik	lözőzök	lözőzöm
movabradózik	movabradózok	movabradózom
gójtozik	gójtozok	gójtozom
tenedik	tenedek	tenedem
káfiledik	káfiledek	káfiledem
sizezedik	sizezedek	sizezedem
bőndeszezik	bőndeszezek	bőndeszezem
réküködik	réküködök	réküködöm
kibokodik	kibokodok	kibokodom
vődötődik	vődötődök	vődötődöm
gűtödik	gűtödök	gűtödöm
kőködik	kőködök	kőködöm
rüzíkezezik	rüzíkezezek	rüzíkezezem
sílelik	sílelek	sílelem
bűfögődik	bűfögődök	bűfögődöm
figulódik	figulódok	figulódom
fozgalódik	fozgalódok	fozgalódom
vákakirmítedik	vákakirmítedek	vákakirmítedem
sürügőzik	sürügőzök	sürügőzöm
kűrüzödik	kűrüzödök	kűrüzödöm
gúsulólik	gúsulólok	gúsulólom
zőtődik	zőtődök	zőtődöm
zözőlik	zözőlök	zözőlöm
pumulodik	pumulodok	pumulodom
jálólik	jálólok	jálólom
szöbülölik	szöbülölök	szöbülölöm
pigutólik	pigutólok	pigutólom
vőgölik	vőgölök	vőgölöm
fónadodik	fónadodok	fónadodom
vükőlik	vükőlök	vükőlöm
prüködik	prüködök	prüködöm
vápízezik	vápízezek	vápízezem
rálodik	rálodok	rálodom
tíntezik	tíntezek	tíntezem
mútózik	mútózok	mútózom
zőkölik	zőkölök	zőkölöm
direlesztedik	direlesztedek	direlesztedem
kirtedik	kirtedek	kirtedem
kirditékedik	kirditékedek	kirditékedem
redölödik	redölödök	redölödöm
bádólik	bádólok	bádólom
zsősitezik	zsősitezek	zsősitezem
kőkezezik	kőkezezek	kőkezezem
betelik	betelek	betelem
túkódik	túkódok	túkódom
donduntodik	donduntodok	donduntodom
mískededik	mískededek	mískededem
kodolik	kodolok	kodolom
tobukarodik	tobukarodok	tobukarodom
gédüködik	gédüködök	gédüködöm
fütözik	fütözök	fütözöm
fűdözik	fűdözök	fűdözöm
slukuzólik	slukuzólok	slukuzólom
rivilalolik	rivilalolok	rivilalolom
szészölőlik	szészölőlök	szészölőlöm
vípenyímelelik	vípenyímelelek	vípenyímelelem
kulolik	kulolok	kulolom
lóskolódik	lóskolódok	lóskolódom
kúlolik	kúlolok	kúlolom
títezik	títezek	títezem
fizkikőrkilelik	fizkikőrkilelek	fizkikőrkilelem
raforotólik	raforotólok	raforotólom
kilezik	kilezek	kilezem
sitezik	sitezek	sitezem
rüfízezik	rüfízezek	rüfízezem
kigukódik	kigukódok	kigukódom
kalozik	kalozok	kalozom
sotólik	sotólok	sotólom
zsőzeredik	zsőzeredek	zsőzeredem
főpütölik	főpütölök	főpütölöm
szotolik	szotolok	szotolom
pilezik	pilezek	pilezem
pűjzödik	pűjzödök	pűjzödöm
kerírevüzözik	kerírevüzözök	kerírevüzözöm
lívögőzik	lívögőzök	lívögőzöm
kákíledik	kákíledek	kákíledem
femegelik	femegelek	femegelem
mőbezedik	mőbezedek	mőbezedem
zálorágodik	zálorágodok	zálorágodom
kőkőlik	kőkőlök	kőkőlöm
nőrípseszűködik	nőrípseszűködök	nőrípseszűködöm
bétköspűdőzik	bétköspűdőzök	bétköspűdőzöm
tútokózik	tútokózok	tútokózom
tözözőzik	tözözőzök	tözözőzöm
muzusztolik	muzusztolok	muzusztolom
rötíjtedik	rötíjtedek	rötíjtedem
lúbílelik	lúbílelek	lúbílelem
pónyusozolik	pónyusozolok	pónyusozolom
gákólik	gákólok	gákólom
prölödik	prölödök	prölödöm
tűlípképelezik	tűlípképelezek	tűlípképelezem
nebölözik	nebölözök	nebölözöm
sujudodik	sujudodok	sujudodom
berürgeledik	berürgeledek	berürgeledem
lólólik	lólólok	lólólom
zurvukózik	zurvukózok	zurvukózom
lőlelezik	lőlelezek	lőlelezem
kásífuzolozik	kásífuzolozok	kásífuzolozom
fugudunyotólik	fugudunyotólok	fugudunyotólom
kolózik	kolózok	kolózom
kőrütödik	kőrütödök	kőrütödöm
gámavolózik	gámavolózok	gámavolózom
ratozik	ratozok	ratozom
mivadozik	mivadozok	mivadozom
rölszörőlik	rölszörőlök	rölszörőlöm
dopulózik	dopulózok	dopulózom
plűdükőlik	plűdükőlök	plűdükőlöm
suzínyutólik	suzínyutólok	suzínyutólom
túgólik	túgólok	túgólom
küregűpegedik	küregűpegedek	küregűpegedem
tímítezik	tímítezek	tímítezem
tádalolik	tádalolok	tádalolom
szésesédékelik	szésesédékelek	szésesédékelem
tőfölözik	tőfölözök	tőfölözöm
bőnödik	bőnödök	bőnödöm
kúlvuzólodik	kúlvuzólodok	kúlvuzólodom
römütűlődik	römütűlődök	römütűlődöm
sezelik	sezelek	sezelem
mabítezik	mabítezek	mabítezem
mőrügőtölik	mőrügőtölök	mőrügőtölöm
puntólik	puntólok	puntólom
ránanozik	ránanozok	ránanozom
zarolik	zarolok	zarolom
mágólik	mágólok	mágólom
zutólik	zutólok	zutólom
vózódik	vózódok	vózódom
purólik	purólok	purólom
kügözik	kügözök	kügözöm
julódik	julódok	julódom
kítorkatózik	kítorkatózok	kítorkatózom
bőködik	bőködök	bőködöm
fefíkelik	fefíkelek	fefíkelem
dürgötödik	dürgötödök	dürgötödöm
vuzodik	vuzodok	vuzodom
dreledik	dreledek	dreledem
ritorúvútolik	ritorúvútolok	ritorúvútolom
fédiptűlölik	fédiptűlölök	fédiptűlölöm
sukodik	sukodok	sukodom
mútízezik	mútízezek	mútízezem
mábikezik	mábikezek	mábikezem
kuzagolik	kuzagolok	kuzagolom
putosztólik	putosztólok	putosztólom
szimörősződik	szimörősződök	szimörősződöm
málódik	málódok	málódom
suvokúlólik	suvokúlólok	suvokúlólom
zálolodik	zálolodok	zálolodom
súzalozik	súzalozok	súzalozom
suzulózik	suzulózok	suzulózom
tetelik	tetelek	tetelem
tédükőzik	tédükőzök	tédükőzöm
núrkulólik	núrkulólok	núrkulólom
królolik	królolok	królolom
rílezik	rílezek	rílezem
pélezik	pélezek	pélezem
mipökölik	mipökölök	mipökölöm
kükölik	kükölök	kükölöm
kűlmetezik	kűlmetezek	kűlmetezem
fúgólik	fúgólok	fúgólom
bukíkedik	bukíkedek	bukíkedem
spösütölik	spösütölök	spösütölöm
rűpíledik	rűpíledek	rűpíledem
szulozik	szulozok	szulozom
szérítedik	szérítedek	szérítedem
kűkölik	kűkölök	kűkölöm
putukódik	putukódok	putukódom
tuzodik	tuzodok	tuzodom
kügedezik	kügedezek	kügedezem
tirílezik	tirílezek	tirílezem
lárukókozik	lárukókozok	lárukókozom
gőkőlik	gőkőlök	gőkőlöm
fivelezik	fivelezek	fivelezem
pígídűzözik	pígídűzözök	pígídűzözöm
dökengezik	dökengezek	dökengezem
füpízedik	füpízedek	füpízedem
dakíkedik	dakíkedek	dakíkedem
vodódik	vodódok	vodódom
fepüzőzik	fepüzőzök	fepüzőzöm
lújakodik	lújakodok	lújakodom
pűvöpügödik	pűvöpügödök	pűvöpügödöm
kúlólik	kúlólok	kúlólom
mütögőzik	mütögőzök	mütögőzöm
migelelik	migelelek	migelelem
púragolozik	púragolozok	púragolozom
dődírketelelik	dődírketelelek	dődírketelelem
szötőzik	szötőzök	szötőzöm
töpükélelik	töpükélelek	töpükélelem
pázulolik	pázulolok	pázulolom
búpralólik	búpralólok	búpralólom
rídalkórólik	rídalkórólok	rídalkórólom
bígelik	bígelek	bígelem
tőnenedik	tőnenedek	tőnenedem
vúkozik	vúkozok	vúkozom
fíkezik	fíkezek	fíkezem
majílelik	majílelek	majílelem
sprolólik	sprolólok	sprolólom
sámulolik	sámulolok	sámulolom
kúbulolódik	kúbulolódok	kúbulolódom
gútólik	gútólok	gútólom
szanózik	szanózok	szanózom
fubaslúzozik	fubaslúzozok	fubaslúzozom
vóflolodik	vóflolodok	vóflolodom
milöszöködik	milöszöködök	milöszöködöm
tódolik	tódolok	tódolom
giszüdözik	giszüdözök	giszüdözöm
pézedik	pézedek	pézedem
rarisztedik	rarisztedek	rarisztedem
retötizelik	retötizelek	retötizelem
fazapánilelik	fazapánilelek	fazapánilelem
fráfalózik	fráfalózok	fráfalózom
zodatózik	zodatózok	zodatózom
nutugolik	nutugolok	nutugolom
mítugyotolik	mítugyotolok	mítugyotolom
kűtezölődik	kűtezölődök	kűtezölődöm
sűdőzik	sűdőzök	sűdőzöm
fuvontozik	fuvontozok	fuvontozom
sőlőzik	sőlőzök	sőlőzöm
vatolik	vatolok	vatolom
sólólik	sólólok	sólólom
szütődik	szütődök	szütődöm
fítinedik	fítinedek	fítinedem
múlíntelik	múlíntelek	múlíntelem
tőjtezezik	tőjtezezek	tőjtezezem
tőzőzik	tőzőzök	tőzőzöm
bődözik	bődözök	bődözöm
trursozózik	trursozózok	trursozózom
zsungólik	zsungólok	zsungólom
zőlölik	zőlölök	zőlölöm
kűzgeröngéledik	kűzgeröngéledek	kűzgeröngéledem
tazólik	tazólok	tazólom
fulolik	fulolok	fulolom
dasztolik	dasztolok	dasztolom
rűtődik	rűtődök	rűtődöm
fálílkúdólik	fálílkúdólok	fálílkúdólom
liszkedezik	liszkedezek	liszkedezem
vutólik	vutólok	vutólom
mílelik	mílelek	mílelem
kószukozik	kószukozok	kószukozom
notólik	notólok	notólom
kölödik	kölödök	kölödöm
títedik	títedek	títedem
rédrelezik	rédrelezek	rédrelezem
vílelik	vílelek	vílelem
sotalálózik	sotalálózok	sotalálózom
kejebűlöntölik	kejebűlöntölök	kejebűlöntölöm
búngózik	búngózok	búngózom
kazolozik	kazolozok	kazolozom
víredik	víredek	víredem
zornyildurikezik	zornyildurikezek	zornyildurikezem
nüldözik	nüldözök	nüldözöm
zsozolik	zsozolok	zsozolom
kőpíkénelik	kőpíkénelek	kőpíkénelem
pólilezik	pólilezek	pólilezem
rimokózik	rimokózok	rimokózom
rirítedik	rirítedek	rirítedem
rítedik	rítedek	rítedem
mútodik	mútodok	mútodom
fisítedik	fisítedek	fisítedem
tadodik	tadodok	tadodom
bilezik	bilezek	bilezem
keszölésztedik	keszölésztedek	keszölésztedem
dükőzik	dükőzök	dükőzöm
sprikínyóntodik	sprikínyóntodok	sprikínyóntodom
tűsteküködik	tűsteküködök	tűsteküködöm
naríkezik	naríkezek	naríkezem
tűlödik	tűlödök	tűlödöm
figezik	figezek	figezem
kómízezik	kómízezek	kómízezem
soldugolik	soldugolok	soldugolom
tiröködik	tiröködök	tiröködöm
klűdüdűlözik	klűdüdűlözök	klűdüdűlözöm
szitedik	szitedek	szitedem
pólofógodik	pólofógodok	pólofógodom
nőngőlik	nőngőlök	nőngőlöm
kozódik	kozódok	kozódom
bovítedik	bovítedek	bovítedem
tőtödik	tőtödök	tőtödöm
vodíkelik	vodíkelek	vodíkelem
kevütéledik	kevütéledek	kevütéledem
sőntődik	sőntődök	sőntődöm
dűzölik	dűzölök	dűzölöm
túgozik	túgozok	túgozom
fösölik	fösölök	fösölöm
kúsízelik	kúsízelek	kúsízelem
gilelik	gilelek	gilelem
dijtedik	dijtedek	dijtedem
ziszítedik	ziszítedek	ziszítedem
lálunólik	lálunólok	lálunólom
mőbezezik	mőbezezek	mőbezezem
kílutolik	kílutolok	kílutolom
lődődik	lődődök	lődődöm
fúfutózik	fúfutózok	fúfutózom
vőmpepügőlik	vőmpepügőlök	vőmpepügőlöm
mülídelik	mülídelek	mülídelem
pirsosódik	pirsosódok	pirsosódom
bótolik	bótolok	bótolom
súlólik	súlólok	súlólom
stőjtözik	stőjtözök	stőjtözöm
sítezik	sítezek	sítezem
vövítelik	vövítelek	vövítelem
mebritedik	mebritedek	mebritedem
mögözik	mögözök	mögözöm
dösztüződik	dösztüződök	dösztüződöm
rutodik	rutodok	rutodom
kőbötödik	kőbötödök	kőbötödöm
trúszítedik	trúszítedek	trúszítedem
sádotozik	sádotozok	sádotozom
tünlílezik	tünlílezek	tünlílezem
rátólik	rátólok	rátólom
lankulolik	lankulolok	lankulolom
kílelik	kílelek	kílelem
rótodik	rótodok	rótodom
títelik	títelek	títelem
vazodik	vazodok	vazodom
begetedik	begetedek	begetedem
kúgólik	kúgólok	kúgólom
lísezik	lísezek	lísezem
fűkíjtezik	fűkíjtezek	fűkíjtezem
lúlozik	lúlozok	lúlozom
vulolik	vulolok	vulolom
lőlígedik	lőlígedek	lőlígedem
pőnyögyölik	pőnyögyölök	pőnyögyölöm
sazozik	sazozok	sazozom
kraliledik	kraliledek	kraliledem
mökípékelik	mökípékelek	mökípékelem
vöszegetítelik	vöszegetítelek	vöszegetítelem
núvízódákódik	núvízódákódok	núvízódákódom
kíledik	kíledek	kíledem
vopílezik	vopílezek	vopílezem
tígítezik	tígítezek	tígítezem
pusalolik	pusalolok	pusalolom
rözölik	rözölök	rözölöm
tuzalalózik	tuzalalózok	tuzalalózom
gókrokózik	gókrokózok	gókrokózom
lölőzik	lölőzök	lölőzöm
dávozotózik	dávozotózok	dávozotózom
szűngüzőlik	szűngüzőlök	szűngüzőlöm
fózulozik	fózulozok	fózulozom
taszlarakangolik	taszlarakangolok	taszlarakangolom
sztövítelik	sztövítelek	sztövítelem
tíngedik	tíngedek	tíngedem
szusozik	szusozok	szusozom
biledik	biledek	biledem
bádunyílezik	bádunyílezek	bádunyílezem
szöpígezik	szöpígezek	szöpígezem
rizolozik	rizolozok	rizolozom
pülügyözik	pülügyözök	pülügyözöm
blökőzik	blökőzök	blökőzöm
sajazozik	sajazozok	sajazozom
kimtükerűlőlik	kimtükerűlőlök	kimtükerűlőlöm
bünsöregedik	bünsöregedek	bünsöregedem
mörőzik	mörőzök	mörőzöm
kőnyelezik	kőnyelezek	kőnyelezem
szanolik	szanolok	szanolom
púvulolik	púvulolok	púvulolom
vőnölik	vőnölök	vőnölöm
rőnjödözik	rőnjödözök	rőnjödözöm
vólutózik	vólutózok	vólutózom
béböklelelik	béböklelelek	béböklelelem
biselik	biselek	biselem
zítedik	zítedek	zítedem
mínöjtölik	mínöjtölök	mínöjtölöm
kokíszezik	kokíszezek	kokíszezem
súpratózik	súpratózok	súpratózom
buriglúgúgolik	buriglúgúgolok	buriglúgúgolom
rílebedötödik	rílebedötödök	rílebedötödöm
prőgyüntölik	prőgyüntölök	prőgyüntölöm
súkszunodik	súkszunodok	súkszunodom
pémísídülödik	pémísídülödök	pémísídülödöm
kúdaszókódik	kúdaszókódok	kúdaszókódom
sztölekedik	sztölekedek	sztölekedem
szonódik	szonódok	szonódom
fegelik	fegelek	fegelem
bekedik	bekedek	bekedem
tadozik	tadozok	tadozom
szulolik	szulolok	szulolom
szundozígurolik	szundozígurolok	szundozígurolom
lülisélüntődik	lülisélüntődök	lülisélüntődöm
vünöníledik	vünöníledek	vünöníledem
rörőlik	rörőlök	rörőlöm
tőmükölik	tőmükölök	tőmükölöm
relelik	relelek	relelem
nékezik	nékezek	nékezem
tőgelelik	tőgelelek	tőgelelem
tókólik	tókólok	tókólom
búlózik	búlózok	búlózom
bíbílezik	bíbílezek	bíbílezem
tísekűnőnözik	tísekűnőnözök	tísekűnőnözöm
lüsződik	lüsződök	lüsződöm
kúlízelik	kúlízelek	kúlízelem
szöníkőlőzik	szöníkőlőzök	szöníkőlőzöm
zedvülmőnödik	zedvülmőnödök	zedvülmőnödöm
kízitesztelik	kízitesztelek	kízitesztelem
sezölőlik	sezölőlök	sezölőlöm
bógolólik	bógolólok	bógolólom
rükődik	rükődök	rükődöm
szűvögéledik	szűvögéledek	szűvögéledem
kőfedelik	kőfedelek	kőfedelem
fitedik	fitedek	fitedem
rűtpekedik	rűtpekedek	rűtpekedem
bürtődik	bürtődök	bürtődöm
bögetedik	bögetedek	bögetedem
bézütődik	bézütődök	bézütődöm
tűmölölik	tűmölölök	tűmölölöm
vümestekedik	vümestekedek	vümestekedem
sórnogózik	sórnogózok	sórnogózom
múrílintelik	múrílintelek	múrílintelem
dirzotózik	dirzotózok	dirzotózom
funotodik	funotodok	funotodom
téfütődik	téfütődök	téfütődöm
súkulózik	súkulózok	súkulózom
tónyilelik	tónyilelek	tónyilelem
szesevedik	szesevedek	szesevedem
túpazólik	túpazólok	túpazólom
tilelik	tilelek	tilelem
linzsitedik	linzsitedek	linzsitedem
kudolik	kudolok	kudolom
sövítedik	sövítedek	sövítedem
vűgesűgölik	vűgesűgölök	vűgesűgölöm
lésítezik	lésítezek	lésítezem
lösöszeledik	lösöszeledek	lösöszeledem
túvílelik	túvílelek	túvílelem
bűlődik	bűlődök	bűlődöm
démitezik	démitezek	démitezem
témüződik	témüződök	témüződöm
sójtózik	sójtózok	sójtózom
gánózik	gánózok	gánózom
fízölelelik	fízölelelek	fízölelelem
dévelezik	dévelezek	dévelezem
küsöngőlik	küsöngőlök	küsöngőlöm
mírekezik	mírekezek	mírekezem
tödínelik	tödínelek	tödínelem
rűritedik	rűritedek	rűritedem
vűkítezik	vűkítezek	vűkítezem
mőtigbüszőntözik	mőtigbüszőntözök	mőtigbüszőntözöm
zámjíledik	zámjíledek	zámjíledem
fírerelik	fírerelek	fírerelem
sölölik	sölölök	sölölöm
kítesztedik	kítesztedek	kítesztedem
lezezik	lezezek	lezezem
bügözik	bügözök	bügözöm
lúlolik	lúlolok	lúlolom
rűpölölik	rűpölölök	rűpölölöm
salfírontólik	salfírontólok	salfírontólom
szetelik	szetelek	szetelem
fupódik	fupódok	fupódom
tüdetezik	tüdetezek	tüdetezem
szizezik	szizezek	szizezem
reszíldelik	reszíldelek	reszíldelem
műmötödik	műmötödök	műmötödöm
lamílezik	lamílezek	lamílezem
beredik	beredek	beredem
dagyitezik	dagyitezek	dagyitezem
sesídürőzik	sesídürőzök	sesídürőzöm
szalodik	szalodok	szalodom
sóltólik	sóltólok	sóltólom
tűszitekétedik	tűszitekétedek	tűszitekétedem
lűlövézedik	lűlövézedek	lűlövézedem
sitedik	sitedek	sitedem
súmlíkezik	súmlíkezek	súmlíkezem
sireléntedik	sireléntedek	sireléntedem
jolszilguzálólik	jolszilguzálólok	jolszilguzálólom
tőszökelélezik	tőszökelélezek	tőszökelélezem
móprílelik	móprílelek	móprílelem
zsorgurgungólik	zsorgurgungólok	zsorgurgungólom
sofalozik	sofalozok	sofalozom
bürölőzik	bürölőzök	bürölőzöm
vúlizedik	vúlizedek	vúlizedem
purgífázózik	purgífázózok	purgífázózom
kédítezik	kédítezek	kédítezem
lurzulódik	lurzulódok	lurzulódom
laguzódik	laguzódok	laguzódom
fozdílótózik	fozdílótózok	fozdílótózom
prűntölik	prűntölök	prűntölöm
fakusólólik	fakusólólok	fakusólólom
vójólik	vójólok	vójólom
bőkölik	bőkölök	bőkölöm
szubatózik	szubatózok	szubatózom
sabruszálozik	sabruszálozok	sabruszálozom
tórózik	tórózok	tórózom
ketügőlik	ketügőlök	ketügőlöm
smérügölik	smérügölök	smérügölöm
gítelik	gítelek	gítelem
dúgólik	dúgólok	dúgólom
püsüdőződik	püsüdőződök	püsüdőződöm
bíkelik	bíkelek	bíkelem
kászlukáríntelik	kászlukáríntelek	kászlukáríntelem
kőkeszezik	kőkeszezek	kőkeszezem
famílezik	famílezek	famílezem
szátolik	szátolok	szátolom
fómutozik	fómutozok	fómutozom
virolgálolik	virolgálolok	virolgálolom
fizbözödik	fizbözödök	fizbözödöm
szitezik	szitezek	szitezem
kítelik	kítelek	kítelem
főpezüsztözik	főpezüsztözök	főpezüsztözöm
paratozik	paratozok	paratozom
nűvörüködik	nűvörüködök	nűvörüködöm
zéjtezik	zéjtezek	zéjtezem
gölőzik	gölőzök	gölőzöm
kűrneveszézezik	kűrneveszézezek	kűrneveszézezem
pévöndödik	pévöndödök	pévöndödöm
küvötyűtödik	küvötyűtödök	küvötyűtödöm
tadidazolik	tadidazolok	tadidazolom
vinyoljólódik	vinyoljólódok	vinyoljólódom
tölölik	tölölök	tölölöm
nákózik	nákózok	nákózom
tevüzetezik	tevüzetezek	tevüzetezem
bürődik	bürődök	bürődöm
gokolik	gokolok	gokolom
sprevütözik	sprevütözök	sprevütözöm
róritedik	róritedek	róritedem
tőtőlik	tőtőlök	tőtőlöm
lebesztezik	lebesztezek	lebesztezem
kokózik	kokózok	kokózom
pűtígyirgelezik	pűtígyirgelezek	pűtígyirgelezem
firízedik	firízedek	firízedem
tirvulodik	tirvulodok	tirvulodom
vínedik	vínedek	vínedem
sijtezik	sijtezek	sijtezem
trodutólik	trodutólok	trodutólom
makólik	makólok	makólom
rízelik	rízelek	rízelem
mamjílelik	mamjílelek	mamjílelem
nörütölik	nörütölök	nörütölöm
kirízezik	kirízezek	kirízezem
líbukodik	líbukodok	líbukodom
völízezik	völízezek	völízezem
remöződik	remöződök	remöződöm
dusolozólik	dusolozólok	dusolozólom
külütőlik	külütőlök	külütőlöm
berjegedik	berjegedek	berjegedem
szibatódik	szibatódok	szibatódom
mülmögőlik	mülmögőlök	mülmögőlöm
pröszösűgözik	pröszösűgözök	pröszösűgözöm
bézögüködik	bézögüködök	bézögüködöm
vűgödik	vűgödök	vűgödöm
vagrozozik	vagrozozok	vagrozozom
fugízezik	fugízezek	fugízezem
sébíkezik	sébíkezek	sébíkezem
líbazitelik	líbazitelek	líbazitelem
bumamúvinezik	bumamúvinezek	bumamúvinezem
purdalólik	purdalólok	purdalólom
küzekelik	küzekelek	küzekelem
vofamlágolik	vofamlágolok	vofamlágolom
fődütőzik	fődütőzök	fődütőzöm
trurzutozik	trurzutozok	trurzutozom
tíszozikezik	tíszozikezek	tíszozikezem
gedezik	gedezek	gedezem
fűlüvűkölik	fűlüvűkölök	fűlüvűkölöm
tőnyevelezik	tőnyevelezek	tőnyevelezem
doszolik	doszolok	doszolom
tíkokózik	tíkokózok	tíkokózom
böltőlik	böltőlök	böltőlöm
vűbülőlik	vűbülőlök	vűbülőlöm
mördíszűlödik	mördíszűlödök	mördíszűlödöm
memirémkizelik	memirémkizelek	memirémkizelem
líltarozik	líltarozok	líltarozom
pozgasándodik	pozgasándodok	pozgasándodom
dízsükőkőzik	dízsükőkőzök	dízsükőkőzöm
vőrílelik	vőrílelek	vőrílelem
vökőzik	vökőzök	vökőzöm
dedetekezik	dedetekezek	dedetekezem
fütözőlik	fütözőlök	fütözőlöm
szűlödik	szűlödök	szűlödöm
tevitedik	tevitedek	tevitedem
szűberelik	szűberelek	szűberelem
vutódik	vutódok	vutódom
ríkedik	ríkedek	ríkedem
vűrmíszégelik	vűrmíszégelek	vűrmíszégelem
pögödik	pögödök	pögödöm
mükölődik	mükölődök	mükölődöm
kürőlik	kürőlök	kürőlöm
mijküzőzik	mijküzőzök	mijküzőzöm
lokololik	lokololok	lokololom
tűkimélüződik	tűkimélüződök	tűkimélüződöm
danodik	danodok	danodom
fágyongolik	fágyongolok	fágyongolom
pukolik	pukolok	pukolom
sakokólik	sakokólok	sakokólom
szigadudúntodik	szigadudúntodok	szigadudúntodom
pászofátózik	pászofátózok	pászofátózom
tűtekőzürölik	tűtekőzürölök	tűtekőzürölöm
trízedik	trízedek	trízedem
vótózik	vótózok	vótózom
fagolólik	fagolólok	fagolólom
pűlijtedik	pűlijtedek	pűlijtedem
prelelik	prelelek	prelelem
vüsütődik	vüsütődök	vüsütődöm
lóngódik	lóngódok	lóngódom
szödítezik	szödítezek	szödítezem
mubuságólik	mubuságólok	mubuságólom
stózakodik	stózakodok	stózakodom
prőtödik	prőtödök	prőtödöm
núdakodik	núdakodok	núdakodom
zsíltelik	zsíltelek	zsíltelem
füzőzik	füzőzök	füzőzöm
szügödik	szügödök	szügödöm
sügzizelik	sügzizelek	sügzizelem
bükülözik	bükülözök	bükülözöm
fulodik	fulodok	fulodom
tüsülődik	tüsülődök	tüsülődöm
kígyozolik	kígyozolok	kígyozolom
tüzödik	tüzödök	tüzödöm
kidüközik	kidüközök	kidüközöm
főgődik	főgődök	főgődöm
gószigónólodik	gószigónólodok	gószigónólodom
taszokórátózik	taszokórátózok	taszokórátózom
tűdededik	tűdededek	tűdededem
grutodik	grutodok	grutodom
solatrólukodik	solatrólukodok	solatrólukodom
kügösztőzik	kügösztőzök	kügösztőzöm
nűmekelik	nűmekelek	nűmekelem
tapólik	tapólok	tapólom
tílezik	tílezek	tílezem
kísztutólik	kísztutólok	kísztutólom
pőtödik	pőtödök	pőtödöm
vüzözőzik	vüzözőzök	vüzözőzöm
tösönzüszőzik	tösönzüszőzök	tösönzüszőzöm
mísoralózik	mísoralózok	mísoralózom
föpötölik	föpötölök	föpötölöm
mölödik	mölödök	mölödöm
zsángózik	zsángózok	zsángózom
gűkődik	gűkődök	gűkődöm
pőkümönőlik	pőkümönőlök	pőkümönőlöm
jololik	jololok	jololom
fósofukudódik	fósofukudódok	fósofukudódom
prürőzik	prürőzök	prürőzöm
vűlödik	vűlödök	vűlödöm
zöristörözik	zöristörözök	zöristörözöm
vüfekedik	vüfekedek	vüfekedem
sídtötőzik	sídtötőzök	sídtötőzöm
kűzölik	kűzölök	kűzölöm
nitedik	nitedek	nitedem
nökőlik	nökőlök	nökőlöm
bukolik	bukolok	bukolom
pálodik	pálodok	pálodom
lómólik	lómólok	lómólom
mútozik	mútozok	mútozom
szészededik	szészededek	szészededem
kálolik	kálolok	kálolom
jezezik	jezezek	jezezem
lólolik	lólolok	lólolom
mimölőlik	mimölőlök	mimölőlöm
lémörzsíledik	lémörzsíledek	lémörzsíledem
mátgarzánodik	mátgarzánodok	mátgarzánodom
kótolik	kótolok	kótolom
votikugólik	votikugólok	votikugólom
vézílelik	vézílelek	vézílelem
solozik	solozok	solozom
dődízedik	dődízedek	dődízedem
jikezik	jikezek	jikezem
lólozik	lólozok	lólozom
vulólik	vulólok	vulólom
séketezik	séketezek	séketezem
getezik	getezek	getezem
buptifátódik	buptifátódok	buptifátódom
fénedik	fénedek	fénedem
fálodik	fálodok	fálodom
kúzolik	kúzolok	kúzolom
volarkálózik	volarkálózok	volarkálózom
rőrgisztezik	rőrgisztezek	rőrgisztezem
subolodik	subolodok	subolodom
tirufirzatodik	tirufirzatodok	tirufirzatodom
drúnodik	drúnodok	drúnodom
kávodolik	kávodolok	kávodolom
lűkökődik	lűkökődök	lűkökődöm
loríkedik	loríkedek	loríkedem
disulózik	disulózok	disulózom
lárizedik	lárizedek	lárizedem
sólódik	sólódok	sólódom
süszetedik	süszetedek	süszetedem
günylílezik	günylílezek	günylílezem
tónozik	tónozok	tónozom
tütőlik	tütőlök	tütőlöm
pétülőzik	pétülőzök	pétülőzöm
pémbölüzöltödik	pémbölüzöltödök	pémbölüzöltödöm
krűkölik	krűkölök	krűkölöm
vősütölik	vősütölök	vősütölöm
kozantumokolik	kozantumokolok	kozantumokolom
jókudólólik	jókudólólok	jókudólólom
szürikütődik	szürikütődök	szürikütődöm
pinevűlödik	pinevűlödök	pinevűlödöm
pokózik	pokózok	pokózom
gídvelezik	gídvelezek	gídvelezem
tódkíszelik	tódkíszelek	tódkíszelem
mejibézezik	mejibézezek	mejibézezem
kugítedik	kugítedek	kugítedem
förjízezik	förjízezek	förjízezem
kipögözik	kipögözök	kipögözöm
lostilezik	lostilezek	lostilezem
szürküzdülőlik	szürküzdülőlök	szürküzdülőlöm
prűgösztölik	prűgösztölök	prűgösztölöm
vőrtödik	vőrtödök	vőrtödöm
sztásudzósztolólik	sztásudzósztolólok	sztásudzósztolólom
tofíkúrólik	tofíkúrólok	tofíkúrólom
vóvalolik	vóvalolok	vóvalolom
vödőlik	vödőlök	vödőlöm
foritezik	foritezek	foritezem
dőtölik	dőtölök	dőtölöm
kúldolik	kúldolok	kúldolom
gidezelik	gidezelek	gidezelem
dálódik	dálódok	dálódom
kűkötödik	kűkötödök	kűkötödöm
pődezüzödik	pődezüzödök	pődezüzödöm
kízololik	kízololok	kízololom
pülőzik	pülőzök	pülőzöm
főndümíkezik	főndümíkezek	főndümíkezem
kávíledik	kávíledek	kávíledem
molólik	molólok	molólom
detelezik	detelezek	detelezem
sökölőzik	sökölőzök	sökölőzöm
vitötűlűdődik	vitötűlűdődök	vitötűlűdődöm
sénekelik	sénekelek	sénekelem
vurozozik	vurozozok	vurozozom
rilelik	rilelek	rilelem
jukódik	jukódok	jukódom
vínelik	vínelek	vínelem
zegezik	zegezek	zegezem
srüzözik	srüzözök	srüzözöm
kögüközik	kögüközök	kögüközöm
grászozozik	grászozozok	grászozozom
kázózik	kázózok	kázózom
fifünözik	fifünözök	fifünözöm
szalolik	szalolok	szalolom
vőzürtödik	vőzürtödök	vőzürtödöm
tínezik	tínezek	tínezem
tíkelik	tíkelek	tíkelem
szukurjúlozik	szukurjúlozok	szukurjúlozom
tongólik	tongólok	tongólom
dákuntolik	dákuntolok	dákuntolom
relezik	relezek	relezem
bükőzik	bükőzök	bükőzöm
südülögyizelik	südülögyizelek	südülögyizelem
rábokozik	rábokozok	rábokozom
tegekelik	tegekelek	tegekelem
főbinezik	főbinezek	főbinezem
sirelelik	sirelelek	sirelelem
bőmürjíkedik	bőmürjíkedek	bőmürjíkedem
pünözik	pünözök	pünözöm
tífötödik	tífötödök	tífötödöm
diledik	diledek	diledem
négezik	négezek	négezem
lávolólik	lávolólok	lávolólom
degezik	degezek	degezem
tékükőlik	tékükőlök	tékükőlöm
kuzokódik	kuzokódok	kuzokódom
pötőlik	pötőlök	pötőlöm
köjöszegedik	köjöszegedek	köjöszegedem
tézelik	tézelek	tézelem
kuvuzódik	kuvuzódok	kuvuzódom
fíredik	fíredek	fíredem
vulutólik	vulutólok	vulutólom
vúlolik	vúlolok	vúlolom
pegelik	pegelek	pegelem
sitilezik	sitilezek	sitilezem
bófokógolik	bófokógolok	bófokógolom
vúdizelik	vúdizelek	vúdizelem
szezínyülőlőzik	szezínyülőlőzök	szezínyülőlőzöm
tövötölik	tövötölök	tövötölöm
dákurodíkedik	dákurodíkedek	dákurodíkedem
spregüjtödik	spregüjtödök	spregüjtödöm
lekezik	lekezek	lekezem
pudíledik	pudíledek	pudíledem
telülőzik	telülőzök	telülőzöm
mölőzik	mölőzök	mölőzöm
zényíledik	zényíledek	zényíledem
jáglantazódik	jáglantazódok	jáglantazódom
díkedik	díkedek	díkedem
dőntökütűkőlik	dőntökütűkőlök	dőntökütűkőlöm
pűpültözik	pűpültözök	pűpültözöm
fálsuródik	fálsuródok	fálsuródom
mőzözik	mőzözök	mőzözöm
kúbibáljokódik	kúbibáljokódok	kúbibáljokódom
gámanozik	gámanozok	gámanozom
tékedik	tékedek	tékedem
séretüződik	séretüződök	séretüződöm
mókolodik	mókolodok	mókolodom
kalólik	kalólok	kalólom
kákózik	kákózok	kákózom
pénünőlik	pénünőlök	pénünőlöm
tipozolik	tipozolok	tipozolom
válolik	válolok	válolom
nürdölőlik	nürdölőlök	nürdölőlöm
dadulólik	dadulólok	dadulólom
zarólik	zarólok	zarólom
sipszozódik	sipszozódok	sipszozódom
metkitedik	metkitedek	metkitedem
zsápodik	zsápodok	zsápodom
rúzodik	rúzodok	rúzodom
szüvenyélmelelik	szüvenyélmelelek	szüvenyélmelelem
sőzőzik	sőzőzök	sőzőzöm
vembeledik	vembeledek	vembeledem
mukunokólódik	mukunokólódok	mukunokólódom
zópulákulodik	zópulákulodok	zópulákulodom
fókódik	fókódok	fókódom
mulodik	mulodok	mulodom
zíreledik	zíreledek	zíreledem
ranvajlazozik	ranvajlazozok	ranvajlazozom
szokolik	szokolok	szokolom
pözüpikikezik	pözüpikikezek	pözüpikikezem
zűmikedik	zűmikedek	zűmikedem
vokutódik	vokutódok	vokutódom
lolólik	lolólok	lolólom
ralutozik	ralutozok	ralutozom
dűpötőzik	dűpötőzök	dűpötőzöm
jílmísztedik	jílmísztedek	jílmísztedem
güdösztődik	güdösztődök	güdösztődöm
sűrüzölik	sűrüzölök	sűrüzölöm
sztedelik	sztedelek	sztedelem
túsikedik	túsikedek	túsikedem
fekekelik	fekekelek	fekekelem
vűltülőlik	vűltülőlök	vűltülőlöm
lúrorúkódik	lúrorúkódok	lúrorúkódom
tőngyülőlik	tőngyülőlök	tőngyülőlöm
túgokólik	túgokólok	túgokólom
pásudádólik	pásudádólok	pásudádólom
sűlfítedik	sűlfítedek	sűlfítedem
ríkelik	ríkelek	ríkelem
fortaszólik	fortaszólok	fortaszólom
rűkőlik	rűkőlök	rűkőlöm
tőzürkűközik	tőzürkűközök	tőzürkűközöm
sigyorabakódik	sigyorabakódok	sigyorabakódom
funyanyotodik	funyanyotodok	funyanyotodom
rőskikezik	rőskikezek	rőskikezem
tőzödik	tőzödök	tőzödöm
nágotúszáltólik	nágotúszáltólok	nágotúszáltólom
dékedik	dékedek	dékedem
mümímlőkődik	mümímlőkődök	mümímlőkődöm
súkoránólik	súkoránólok	súkoránólom
vűrölőlik	vűrölőlök	vűrölőlöm
súngamokúpozik	súngamokúpozok	súngamokúpozom
vüldövösőzözik	vüldövösőzözök	vüldövösőzözöm
lűlödik	lűlödök	lűlödöm
pezürtyőkőlik	pezürtyőkőlök	pezürtyőkőlöm
fútólik	fútólok	fútólom
tüdözik	tüdözök	tüdözöm
lülődik	lülődök	lülődöm
nédítelik	nédítelek	nédítelem
pípedik	pípedek	pípedem
bobífátózik	bobífátózok	bobífátózom
larkantolik	larkantolok	larkantolom
tapalózik	tapalózok	tapalózom
szirszervülőzik	szirszervülőzök	szirszervülőzöm
kitekezik	kitekezek	kitekezem
prulólik	prulólok	prulólom
púkidvámántózik	púkidvámántózok	púkidvámántózom
búvuvárózik	búvuvárózok	búvuvárózom
ridurtízezik	ridurtízezek	ridurtízezem
rütözik	rütözök	rütözöm
trőpítivékezik	trőpítivékezek	trőpítivékezem
fuklífugolik	fuklífugolok	fuklífugolom
pütőzik	pütőzök	pütőzöm
tenyzíkőlödik	tenyzíkőlödök	tenyzíkőlödöm
kúzontodik	kúzontodok	kúzontodom
stekengedik	stekengedek	stekengedem
vözílelik	vözílelek	vözílelem
sítelik	sítelek	sítelem
dulódik	dulódok	dulódom
kidülőzik	kidülőzök	kidülőzöm
skázolik	skázolok	skázolom
szűdölik	szűdölök	szűdölöm
tegelik	tegelek	tegelem
vükejtelik	vükejtelek	vükejtelem
tékörvűrőtölik	tékörvűrőtölök	tékörvűrőtölöm
mútutolik	mútutolok	mútutolom
rélelik	rélelek	rélelem
kővílezik	kővílezek	kővílezem
dekedik	dekedek	dekedem
kőföblözödik	kőföblözödök	kőföblözödöm
lekilezik	lekilezek	lekilezem
szégígedik	szégígedek	szégígedem
sődimődődik	sődimődődök	sődimődődöm
rábagodik	rábagodok	rábagodom
gegezik	gegezek	gegezem
preszülűlőzik	preszülűlőzök	preszülűlőzöm
kíszünözik	kíszünözök	kíszünözöm
denezik	denezek	denezem
lümülödik	lümülödök	lümülödöm
röselezik	röselezek	röselezem
fügődik	fügődök	fügődöm
bédedik	bédedek	bédedem
gáfatózik	gáfatózok	gáfatózom
lüsztőzik	lüsztőzök	lüsztőzöm
rörözözik	rörözözök	rörözözöm
mésülölik	mésülölök	mésülölöm
bönyígőlölik	bönyígőlölök	bönyígőlölöm
prálgofutozik	prálgofutozok	prálgofutozom
tűdegyöntölik	tűdegyöntölök	tűdegyöntölöm
rúrosítedik	rúrosítedek	rúrosítedem
lagólik	lagólok	lagólom
zífazozik	zífazozok	zífazozom
tadarugózik	tadarugózok	tadarugózom
rűzőlik	rűzőlök	rűzőlöm
lazutozik	lazutozok	lazutozom
nangolozik	nangolozok	nangolozom
sítojololik	sítojololok	sítojololom
tóglobónódik	tóglobónódok	tóglobónódom
lotorítelik	lotorítelek	lotorítelem
gebüplüsöpődik	gebüplüsöpődök	gebüplüsöpődöm
müföngőzik	müföngőzök	müföngőzöm
fútodik	fútodok	fútodom
döződik	döződök	döződöm
mutódik	mutódok	mutódom
pinelik	pinelek	pinelem
mőlődik	mőlődök	mőlődöm
zetölűlölik	zetölűlölök	zetölűlölöm
búkolik	búkolok	búkolom
kibölözik	kibölözök	kibölözöm
ferülütözik	ferülütözök	ferülütözöm
sziszelik	sziszelek	sziszelem
vűsölölik	vűsölölök	vűsölölöm
fevüzözik	fevüzözök	fevüzözöm
vögőlik	vögőlök	vögőlöm
fűrídezik	fűrídezek	fűrídezem
kűszitezik	kűszitezek	kűszitezem
sópikedik	sópikedek	sópikedem
tükőlik	tükőlök	tükőlöm
séreledik	séreledek	séreledem
prikelik	prikelek	prikelem
ríngezik	ríngezek	ríngezem
spevlíkelik	spevlíkelek	spevlíkelem
szunízezik	szunízezek	szunízezem
lütölgélezik	lütölgélezek	lütölgélezem
búmbangolik	búmbangolok	búmbangolom
gítatozik	gítatozok	gítatozom
mukódik	mukódok	mukódom
mitezik	mitezek	mitezem
fikezik	fikezek	fikezem
jijölölik	jijölölök	jijölölöm
szökölödik	szökölödök	szökölödöm
sakítedik	sakítedek	sakítedem
takolik	takolok	takolom
szükődik	szükődök	szükődöm
tívuszótúgodik	tívuszótúgodok	tívuszótúgodom
vamugyazolik	vamugyazolok	vamugyazolom
böfízűlözik	böfízűlözök	böfízűlözöm
műlőlik	műlőlök	műlőlöm
völőzik	völőzök	völőzöm
rúszazgalíledik	rúszazgalíledek	rúszazgalíledem
dősöjtölik	dősöjtölök	dősöjtölöm
lálíntelik	lálíntelek	lálíntelem
dakalozik	dakalozok	dakalozom
dídvokólik	dídvokólok	dídvokólom
plelönőlik	plelönőlök	plelönőlöm
bűszükelezik	bűszükelezek	bűszükelezem
kogodik	kogodok	kogodom
ríküzölik	ríküzölök	ríküzölöm
gulozik	gulozok	gulozom
kűközik	kűközök	kűközöm
vokingelik	vokingelek	vokingelem
rófítezik	rófítezek	rófítezem
nikelik	nikelek	nikelem
pűrejtedik	pűrejtedek	pűrejtedem
vözözik	vözözök	vözözöm
tílelik	tílelek	tílelem
lónódik	lónódok	lónódom
tötekelik	tötekelek	tötekelem
delezik	delezek	delezem
sölödik	sölödök	sölödöm
selelik	selelek	selelem
szazozolik	szazozolok	szazozolom
kekökőlik	kekökőlök	kekökőlöm
szérbölölik	szérbölölök	szérbölölöm
fígezik	fígezek	fígezem
takikezik	takikezek	takikezem
válodik	válodok	válodom
löfüzözik	löfüzözök	löfüzözöm
mügőlik	mügőlök	mügőlöm
pidöműtölik	pidöműtölök	pidöműtölöm
kurozútínelik	kurozútínelek	kurozútínelem
műnyípedik	műnyípedek	műnyípedem
mügötözik	mügötözök	mügötözöm
sélezik	sélezek	sélezem
pündörölik	pündörölök	pündörölöm
tutíkelik	tutíkelek	tutíkelem
rővüködik	rővüködök	rővüködöm
pűlölik	pűlölök	pűlölöm
tíszedekedik	tíszedekedek	tíszedekedem
kúsotózik	kúsotózok	kúsotózom
bíszinagozik	bíszinagozok	bíszinagozom
dözőlik	dözőlök	dözőlöm
vőlötödik	vőlötödök	vőlötödöm
kijukutolik	kijukutolok	kijukutolom
pezedik	pezedek	pezedem
bezezik	bezezek	bezezem
kitutolik	kitutolok	kitutolom
kászkavulólik	kászkavulólok	kászkavulólom
tókózik	tókózok	tókózom
kásztolik	kásztolok	kásztolom
nüdőzik	nüdőzök	nüdőzöm
kulozólik	kulozólok	kulozólom
spitelik	spitelek	spitelem
kitelik	kitelek	kitelem
gortólik	gortólok	gortólom
vözödik	vözödök	vözödöm
lászutodik	lászutodok	lászutodom
bítelik	bítelek	bítelem
laglusakodik	laglusakodok	laglusakodom
kizelik	kizelek	kizelem
vozizedik	vozizedek	vozizedem
rőkőlik	rőkőlök	rőkőlöm
bíjísdéledik	bíjísdéledek	bíjísdéledem
vudutódik	vudutódok	vudutódom
mövezseltelik	mövezseltelek	mövezseltelem
szitítedelik	szitítedelek	szitítedelem
rezükőzik	rezükőzök	rezükőzöm
vekedéledik	vekedéledek	vekedéledem
juzódik	juzódok	juzódom
mokólik	mokólok	mokólom
prasulodik	prasulodok	prasulodom
vőkebüszűlödik	vőkebüszűlödök	vőkebüszűlödöm
dolodik	dolodok	dolodom
funidólódik	funidólódok	funidólódom
vugozik	vugozok	vugozom
tezelik	tezelek	tezelem
ribiledik	ribiledek	ribiledem
pegyüködik	pegyüködök	pegyüködöm
nísztezik	nísztezek	nísztezem
rugílelik	rugílelek	rugílelem
govízálodik	govízálodok	govízálodom
mítüsgötődik	mítüsgötődök	mítüsgötődöm
tutozik	tutozok	tutozom
támuzólik	támuzólok	támuzólom
vurtozik	vurtozok	vurtozom
reszedelik	reszedelek	reszedelem
lísebikedik	lísebikedek	lísebikedem
jasizezik	jasizezek	jasizezem
kögőlik	kögőlök	kögőlöm
kaluntolik	kaluntolok	kaluntolom
móndalodik	móndalodok	móndalodom
líldelik	líldelek	líldelem
povolozik	povolozok	povolozom
kevötőzik	kevötőzök	kevötőzöm
kátodik	kátodok	kátodom
bódolik	bódolok	bódolom
pufulodik	pufulodok	pufulodom
fányakúlólik	fányakúlólok	fányakúlólom
főkődik	főkődök	főkődöm
vozdubúmodik	vozdubúmodok	vozdubúmodom
dulrolódik	dulrolódok	dulrolódom
bulodik	bulodok	bulodom
zororózik	zororózok	zororózom
műlözik	műlözök	műlözöm
bezezezik	bezezezek	bezezezem
mődüzőzik	mődüzőzök	mődüzőzöm
szölölik	szölölök	szölölöm
bűdeföződik	bűdeföződök	bűdeföződöm
ledítedik	ledítedek	ledítedem
fitusúlórólik	fitusúlórólok	fitusúlórólom
disasztózik	disasztózok	disasztózom
mörizedik	mörizedek	mörizedem
mürtözik	mürtözök	mürtözöm
núgodik	núgodok	núgodom
vólakotozik	vólakotozok	vólakotozom
bípabúfuzólik	bípabúfuzólok	bípabúfuzólom
szenirezik	szenirezek	szenirezem
stoltizótozik	stoltizótozok	stoltizótozom
bülölik	bülölök	bülölöm
mőtödik	mőtödök	mőtödöm
pübülőlik	pübülőlök	pübülőlöm
kemülődik	kemülődök	kemülődöm
láruszozíkezik	láruszozíkezek	láruszozíkezem
zőpizezik	zőpizezek	zőpizezem
bóbupúvíledik	bóbupúvíledek	bóbupúvíledem
kediledik	kediledek	kediledem
fűnyikezik	fűnyikezek	fűnyikezem
matuzódik	matuzódok	matuzódom
lörlülözik	lörlülözök	lörlülözöm
temülözik	temülözök	temülözöm
gékezik	gékezek	gékezem
febikelik	febikelek	febikelem
fákólik	fákólok	fákólom
ruvíkelik	ruvíkelek	ruvíkelem
rűpelelik	rűpelelek	rűpelelem
kűmídűkölölik	kűmídűkölölök	kűmídűkölölöm
fűnörílelik	fűnörílelek	fűnörílelem
bázulozik	bázulozok	bázulozom
folmugózik	folmugózok	folmugózom
jűtümlűködik	jűtümlűködök	jűtümlűködöm
ladolózik	ladolózok	ladolózom
púsztódik	púsztódok	púsztódom
tőnőlik	tőnőlök	tőnőlöm
sizelik	sizelek	sizelem
büselölőlik	büselölőlök	büselölőlöm
fafutozik	fafutozok	fafutozom
fúntolik	fúntolok	fúntolom
vungusalózik	vungusalózok	vungusalózom
rűlőlik	rűlőlök	rűlőlöm
funtukólik	funtukólok	funtukólom
fáfatózik	fáfatózok	fáfatózom
szölőzik	szölőzök	szölőzöm
luridezik	luridezek	luridezem
köfesztedik	köfesztedek	köfesztedem
ratólik	ratólok	ratólom
malokímasodik	malokímasodok	malokímasodom
geszükődik	geszükődök	geszükődöm
tülirtezik	tülirtezek	tülirtezem
kígödőzik	kígödőzök	kígödőzöm
jüküzölik	jüküzölök	jüküzölöm
tözimezülözik	tözimezülözök	tözimezülözöm
détülögözik	détülögözök	détülögözöm
molisotólodik	molisotólodok	molisotólodom
rúkolik	rúkolok	rúkolom
dökölik	dökölök	dökölöm
dákolik	dákolok	dákolom
szipözödik	szipözödök	szipözödöm
gatolik	gatolok	gatolom
kőrötődik	kőrötődök	kőrötődöm
püszörékedik	püszörékedek	püszörékedem
muszatuzozik	muszatuzozok	muszatuzozom
míkedik	míkedek	míkedem
pólulózik	pólulózok	pólulózom
kusotodik	kusotodok	kusotodom
vafogolik	vafogolok	vafogolom
sűzözik	sűzözök	sűzözöm
násupólik	násupólok	násupólom
böstigedik	böstigedek	böstigedem
nízotodik	nízotodok	nízotodom
rűdödik	rűdödök	rűdödöm
kédörölik	kédörölök	kédörölöm
rolodik	rolodok	rolodom
vótolik	vótolok	vótolom
midedik	midedek	midedem
zörödik	zörödök	zörödöm
lízelik	lízelek	lízelem
fígyodozik	fígyodozok	fígyodozom
ramilelik	ramilelek	ramilelem
mürülőzik	mürülőzök	mürülőzöm
fukogólódik	fukogólódok	fukogólódom
bótodik	bótodok	bótodom
vokodik	vokodok	vokodom
kudodik	kudodok	kudodom
mazodik	mazodok	mazodom
kűzikízitezik	kűzikízitezek	kűzikízitezem
sámazolik	sámazolok	sámazolom
kúladotózik	kúladotózok	kúladotózom
petörsetelik	petörsetelek	petörsetelem
lígelik	lígelek	lígelem
kőkünilelik	kőkünilelek	kőkünilelem
vözüsztőlik	vözüsztőlök	vözüsztőlöm
müzelködrükőlik	müzelködrükőlök	müzelködrükőlöm
fegükősztözik	fegükősztözök	fegükősztözöm
dözükődik	dözükődök	dözükődöm
jistyukozik	jistyukozok	jistyukozom
ralozik	ralozok	ralozom
bülődik	bülődök	bülődöm
tülölik	tülölök	tülölöm
rűszölik	rűszölök	rűszölöm
vüzelelik	vüzelelek	vüzelelem
bikenelik	bikenelek	bikenelem
zsurlulozik	zsurlulozok	zsurlulozom
lűtörkütödik	lűtörkütödök	lűtörkütödöm
pügődik	pügődök	pügődöm
dulmagódik	dulmagódok	dulmagódom
kósogólik	kósogólok	kósogólom
vónymugólik	vónymugólok	vónymugólom
básztolik	básztolok	básztolom
sőbüdökőlik	sőbüdökőlök	sőbüdökőlöm
kótózik	kótózok	kótózom
lírdilelik	lírdilelek	lírdilelem
zulotozik	zulotozok	zulotozom
külőlik	külőlök	külőlöm
szodolik	szodolok	szodolom
kösmöntődik	kösmöntődök	kösmöntődöm
pinvötődik	pinvötődök	pinvötődöm
ríbölözik	ríbölözök	ríbölözöm
sűtekelik	sűtekelek	sűtekelem
tífíledik	tífíledek	tífíledem
gásztozik	gásztozok	gásztozom
vútózik	vútózok	vútózom
mírezik	mírezek	mírezem
nogyadódik	nogyadódok	nogyadódom
tújtuvolik	tújtuvolok	tújtuvolom
rifütőlik	rifütőlök	rifütőlöm
fizelik	fizelek	fizelem
szürödik	szürödök	szürödöm
piveksűrölik	piveksűrölök	piveksűrölöm
fulódik	fulódok	fulódom
dúkokájzolik	dúkokájzolok	dúkokájzolom
tózodik	tózodok	tózodom
mópodik	mópodok	mópodom
túkukolik	túkukolok	túkukolom
szészekedik	szészekedek	szészekedem
förízűlözik	förízűlözök	förízűlözöm
kúkózik	kúkózok	kúkózom
dukugyogozozik	dukugyogozozok	dukugyogozozom
kírolozik	kírolozok	kírolozom
sótózik	sótózok	sótózom
tönölőkőzik	tönölőkőzök	tönölőkőzöm
tőgülőlik	tőgülőlök	tőgülőlöm
küngülölik	küngülölök	küngülölöm
vüvítelik	vüvítelek	vüvítelem
púszultodik	púszultodok	púszultodom
dőrdínkizeldedik	dőrdínkizeldedek	dőrdínkizeldedem
grígarólik	grígarólok	grígarólom
zotolik	zotolok	zotolom
szitelik	szitelek	szitelem
klélelik	klélelek	klélelem
müvetedik	müvetedek	müvetedem
pöpükőlik	pöpükőlök	pöpükőlöm
müröpőgödik	müröpőgödök	müröpőgödöm
míbögödik	míbögödök	míbögödöm
jüpiledik	jüpiledek	jüpiledem
súmalávalózik	súmalávalózok	súmalávalózom
szöfílelik	szöfílelek	szöfílelem
zsedetelik	zsedetelek	zsedetelem
desztelik	desztelek	desztelem
szisölőzik	szisölőzök	szisölőzöm
fugyakódik	fugyakódok	fugyakódom
frölügyetezik	frölügyetezek	frölügyetezem
póltongozik	póltongozok	póltongozom
lamutozodik	lamutozodok	lamutozodom
kírakolik	kírakolok	kírakolom
mölülőzik	mölülőzök	mölülőzöm
fámízezik	fámízezek	fámízezem
szleneredik	szleneredek	szleneredem
girzenögdezedik	girzenögdezedek	girzenögdezedem
rarogolik	rarogolok	rarogolom
bűlötőlik	bűlötőlök	bűlötőlöm
sőködik	sőködök	sőködöm
mőbönőlik	mőbönőlök	mőbönőlöm
fálaszólik	fálaszólok	fálaszólom
gárvulózik	gárvulózok	gárvulózom
puszkozolik	puszkozolok	puszkozolom
túngozik	túngozok	túngozom
mulolik	mulolok	mulolom
páprulozik	páprulozok	páprulozom
pupadódik	pupadódok	pupadódom
brilezik	brilezek	brilezem
kuszorugolik	kuszorugolok	kuszorugolom
mekezik	mekezek	mekezem
szösözözik	szösözözök	szösözözöm
gíldastovarodik	gíldastovarodok	gíldastovarodom
sekörörölik	sekörörölök	sekörörölöm
kűlünődik	kűlünődök	kűlünődöm
szuzatolik	szuzatolok	szuzatolom
möfínelik	möfínelek	möfínelem
lezezezik	lezezezek	lezezezem
zútítedik	zútítedek	zútítedem
fílulódik	fílulódok	fílulódom
tüközik	tüközök	tüközöm
lutolik	lutolok	lutolom
pűrjígelik	pűrjígelek	pűrjígelem
kiregűrődik	kiregűrődök	kiregűrődöm
frátólik	frátólok	frátólom
grákulodik	grákulodok	grákulodom
viledik	viledek	viledem
bövötőzik	bövötőzök	bövötőzöm
börölik	börölök	börölöm
lűlölik	lűlölök	lűlölöm
lőködik	lőködök	lőködöm
fefülődik	fefülődök	fefülődöm
gulódik	gulódok	gulódom
rölőlik	rölőlök	rölőlöm
síledik	síledek	síledem
pűtözik	pűtözök	pűtözöm
boladólik	boladólok	boladólom
titíledik	titíledek	titíledem
sélökölik	sélökölök	sélökölöm
bujozik	bujozok	bujozom
szözüpüközik	szözüpüközök	szözüpüközöm
púrortolik	púrortolok	púrortolom
sútodik	sútodok	sútodom
lubrolákálozik	lubrolákálozok	lubrolákálozom
zónyakódik	zónyakódok	zónyakódom
gíkedik	gíkedek	gíkedem
zsekedik	zsekedek	zsekedem
jolalúlólik	jolalúlólok	jolalúlólom
kölülödik	kölülödök	kölülödöm
plazotilelik	plazotilelek	plazotilelem
gofokutózik	gofokutózok	gofokutózom
kűvíntezezik	kűvíntezezek	kűvíntezezem
gozózik	gozózok	gozózom
tinelik	tinelek	tinelem
fögölik	fögölök	fögölöm
kópatkasózik	kópatkasózok	kópatkasózom
volodik	volodok	volodom
fűbünykekezik	fűbünykekezek	fűbünykekezem
gúgírezik	gúgírezek	gúgírezem
pafangozik	pafangozok	pafangozom
lőpitezik	lőpitezek	lőpitezem
betölölik	betölölök	betölölöm
prúszolik	prúszolok	prúszolom
szürelelik	szürelelek	szürelelem
kákololik	kákololok	kákololom
fipuzutulolik	fipuzutulolok	fipuzutulolom
kölőzik	kölőzök	kölőzöm
jőlükőzik	jőlükőzök	jőlükőzöm
kólozik	kólozok	kólozom
dővegyefélezik	dővegyefélezek	dővegyefélezem
prápidokodik	prápidokodok	prápidokodom
mügödik	mügödök	mügödöm
mamuválolik	mamuválolok	mamuválolom
vózakalodik	vózakalodok	vózakalodom
fatlatodik	fatlatodok	fatlatodom
szulólik	szulólok	szulólom
sűlöködik	sűlöködök	sűlöködöm
káskuvíledik	káskuvíledek	káskuvíledem
vúsizedik	vúsizedek	vúsizedem
bőtszözözik	bőtszözözök	bőtszözözöm
völödik	völödök	völödöm
sátózik	sátózok	sátózom
dokokolik	dokokolok	dokokolom
kózodik	kózodok	kózodom
tőzífödőlik	tőzífödőlök	tőzífödőlöm
misztedik	misztedek	misztedem
köfílelik	köfílelek	köfílelem
szömzsölégelik	szömzsölégelek	szömzsölégelem
szükerizelik	szükerizelek	szükerizelem
prúpalokodik	prúpalokodok	prúpalokodom
káltulódik	káltulódok	káltulódom
rúlózik	rúlózok	rúlózom
stélelik	stélelek	stélelem
fisetezik	fisetezek	fisetezem
póvozalódik	póvozalódok	póvozalódom
pőnődik	pőnődök	pőnődöm
vútolik	vútolok	vútolom
sürtőlik	sürtőlök	sürtőlöm
södütőlik	södütőlök	södütőlöm
vurotivóródik	vurotivóródok	vurotivóródom
kúgózik	kúgózok	kúgózom
dorityúgolik	dorityúgolok	dorityúgolom
ralózik	ralózok	ralózom
kigigezik	kigigezek	kigigezem
bíledik	bíledek	bíledem
rotírúgolik	rotírúgolok	rotírúgolom
dídrüfőkődik	dídrüfőkődök	dídrüfőkődöm
govatódik	govatódok	govatódom
bűpekelik	bűpekelek	bűpekelem
bűgeliledik	bűgeliledek	bűgeliledem
bigtevütőzik	bigtevütőzök	bigtevütőzöm
fózózik	fózózok	fózózom
dizezik	dizezek	dizezem
sikezik	sikezek	sikezem
túnozik	túnozok	túnozom
gídidűzödik	gídidűzödök	gídidűzödöm
fűletedik	fűletedek	fűletedem
lűrdíntedik	lűrdíntedek	lűrdíntedem
lélöködik	lélöködök	lélöködöm
kuzodik	kuzodok	kuzodom
szátózik	szátózok	szátózom
potoródik	potoródok	potoródom
rüdelékelik	rüdelékelek	rüdelékelem
lúmojlírezik	lúmojlírezek	lúmojlírezem
kótódik	kótódok	kótódom
szatólik	szatólok	szatólom
bölölik	bölölök	bölölöm
triledik	triledek	triledem
kíztörélmünőlik	kíztörélmünőlök	kíztörélmünőlöm
száskamkotódik	száskamkotódok	száskamkotódom
degelik	degelek	degelem
brűvendelik	brűvendelek	brűvendelem
káskityigolozik	káskityigolozok	káskityigolozom
jóbísztedik	jóbísztedek	jóbísztedem
selkelezik	selkelezek	selkelezem
játodik	játodok	játodom
kütüdölik	kütüdölök	kütüdölöm
rőpkiközözik	rőpkiközözök	rőpkiközözöm
buputozik	buputozok	buputozom
lutilelik	lutilelek	lutilelem
dulózik	dulózok	dulózom
rógalolik	rógalolok	rógalolom
strölözik	strölözök	strölözöm
fufimbagiszelik	fufimbagiszelek	fufimbagiszelem
bésífőlőzik	bésífőlőzök	bésífőlőzöm
vúgólik	vúgólok	vúgólom
fótafómplulozik	fótafómplulozok	fótafómplulozom
rősükölik	rősükölök	rősükölöm
sórokodik	sórokodok	sórokodom
sönyödözik	sönyödözök	sönyödözöm
stetezik	stetezek	stetezem
tefölőlik	tefölőlök	tefölőlöm
rísegezik	rísegezek	rísegezem
dákodik	dákodok	dákodom
kíkedik	kíkedek	kíkedem
lafozúnozik	lafozúnozok	lafozúnozom
búlíkelik	búlíkelek	búlíkelem
lerötözik	lerötözök	lerötözöm
zilelik	zilelek	zilelem
rüpüszűlőlik	rüpüszűlőlök	rüpüszűlőlöm
pőlözik	pőlözök	pőlözöm
pudunyólúlózik	pudunyólúlózok	pudunyólúlózom
súvolik	súvolok	súvolom
köszífőlörőlik	köszífőlörőlök	köszífőlörőlöm
kédürmélezik	kédürmélezek	kédürmélezem
műsetezik	műsetezek	műsetezem
pűkíledik	pűkíledek	pűkíledem
kúnózik	kúnózok	kúnózom
kúrtózik	kúrtózok	kúrtózom
vítedik	vítedek	vítedem
pűngükőlik	pűngükőlök	pűngükőlöm
tőközik	tőközök	tőközöm
mirökőzik	mirökőzök	mirökőzöm
sőfötözik	sőfötözök	sőfötözöm
kozogozik	kozogozok	kozogozom
riledik	riledek	riledem
vofízezik	vofízezek	vofízezem
dósatukodik	dósatukodok	dósatukodom
sílededik	sílededek	sílededem
rőrpüzőzik	rőrpüzőzök	rőrpüzőzöm
rózatozik	rózatozok	rózatozom
bömütödik	bömütödök	bömütödöm
vülkönöződik	vülkönöződök	vülkönöződöm
fagólik	fagólok	fagólom
vintidedik	vintidedek	vintidedem
sözölödik	sözölödök	sözölödöm
sígetezik	sígetezek	sígetezem
szérülölik	szérülölök	szérülölöm
fúsuzózik	fúsuzózok	fúsuzózom
fámolodik	fámolodok	fámolodom
ránlodolik	ránlodolok	ránlodolom
sótólik	sótólok	sótólom
bezíkezik	bezíkezek	bezíkezem
bászkudálogodik	bászkudálogodok	bászkudálogodom
fözölik	fözölök	fözölöm
lúszozik	lúszozok	lúszozom
kitízezik	kitízezek	kitízezem
miszkimbüzözik	miszkimbüzözök	miszkimbüzözöm
kúdózik	kúdózok	kúdózom
munakutódik	munakutódok	munakutódom
völözik	völözök	völözöm
talulmúródik	talulmúródok	talulmúródom
sziszalolik	sziszalolok	sziszalolom
muzozik	muzozok	muzozom
tákólik	tákólok	tákólom
luzodik	luzodok	luzodom
vútólik	vútólok	vútólom
fürötközözik	fürötközözök	fürötközözöm
pirikezik	pirikezek	pirikezem
nötözik	nötözök	nötözöm
tülödik	tülödök	tülödöm
jonólik	jonólok	jonólom
szézölödik	szézölödök	szézölödöm
burdulólik	burdulólok	burdulólom
vűtölik	vűtölök	vűtölöm
pövüközik	pövüközök	pövüközöm
bololik	bololok	bololom
tubulódik	tubulódok	tubulódom
pevüdölik	pevüdölök	pevüdölöm
múnulolik	múnulolok	múnulolom
mósztódik	mósztódok	mósztódom
jékelik	jékelek	jékelem
kulguzóztigezik	kulguzóztigezek	kulguzóztigezem
vavilezik	vavilezek	vavilezem
kúlózik	kúlózok	kúlózom
szasopotintezik	szasopotintezek	szasopotintezem
tűtölőzik	tűtölőzök	tűtölőzöm
mödözik	mödözök	mödözöm
nínelik	nínelek	nínelem
símítőgőzik	símítőgőzök	símítőgőzöm
tönőlik	tönőlök	tönőlöm
febözöfőzödik	febözöfőzödök	febözöfőzödöm
súlítedik	súlítedek	súlítedem
szezükölik	szezükölök	szezükölöm
küködőgőlik	küködőgőlök	küködőgőlöm
zögöködik	zögöködök	zögöködöm
sűrkölszűtőlik	sűrkölszűtőlök	sűrkölszűtőlöm
jíziszezik	jíziszezek	jíziszezem
dülözik	dülözök	dülözöm
vulodik	vulodok	vulodom
lákilgágólik	lákilgágólok	lákilgágólom
ramogiledik	ramogiledek	ramogiledem
fúpizedik	fúpizedek	fúpizedem
dírvejesztedik	dírvejesztedek	dírvejesztedem
nítedik	nítedek	nítedem
tívuzodik	tívuzodok	tívuzodom
tüküködik	tüküködök	tüküködöm
fivetezik	fivetezek	fivetezem
sprólozik	sprólozok	sprólozom
kébelezik	kébelezek	kébelezem
malísolúgozik	malísolúgozok	malísolúgozom
turílelik	turílelek	turílelem
pűlődik	pűlődök	pűlődöm
kotarkízezik	kotarkízezek	kotarkízezem
dálogozik	dálogozok	dálogozom
tuvuntódik	tuvuntódok	tuvuntódom
tretürősződik	tretürősződök	tretürősződöm
szökölőlik	szökölőlök	szökölőlöm
dűbezezik	dűbezezek	dűbezezem
tetísűtözik	tetísűtözök	tetísűtözöm
júvokótolik	júvokótolok	júvokótolom
pitütölik	pitütölök	pitütölöm
büködik	büködök	büködöm
sozutólik	sozutólok	sozutólom
rügölik	rügölök	rügölöm
gűzezőlözik	gűzezőlözök	gűzezőlözöm
gögődik	gögődök	gögődöm
vőrikedik	vőrikedek	vőrikedem
szűszitezik	szűszitezek	szűszitezem
münylöjkőrőzik	münylöjkőrőzök	münylöjkőrőzöm
súzózik	súzózok	súzózom
vűkődik	vűkődök	vűkődöm
sanvanozik	sanvanozok	sanvanozom
rúzozik	rúzozok	rúzozom
bidütödik	bidütödök	bidütödöm
laszomutódik	laszomutódok	laszomutódom
jodulólik	jodulólok	jodulólom
dőrőlik	dőrőlök	dőrőlöm
potódik	potódok	potódom
töbelezik	töbelezek	töbelezem
fűgövízőlődik	fűgövízőlődök	fűgövízőlődöm
zsétügőzik	zsétügőzök	zsétügőzöm
kufurózik	kufurózok	kufurózom
grülözik	grülözök	grülözöm
girezik	girezek	girezem
külőzik	külőzök	külőzöm
vafívutodik	vafívutodok	vafívutodom
szadolik	szadolok	szadolom
lűkentíledik	lűkentíledek	lűkentíledem
dikanolozik	dikanolozok	dikanolozom
túmolólik	túmolólok	túmolólom
féjtöközik	féjtöközök	féjtöközöm
tülődik	tülődök	tülődöm
bezütödik	bezütödök	bezütödöm
szűlürgötölik	szűlürgötölök	szűlürgötölöm
víkugólik	víkugólok	víkugólom
rözőzik	rözőzök	rözőzöm
fururtozódik	fururtozódok	fururtozódom
kekedik	kekedek	kekedem
tinödünödik	tinödünödök	tinödünödöm
szizölölik	szizölölök	szizölölöm
vuzígedik	vuzígedek	vuzígedem
négüzőlik	négüzőlök	négüzőlöm
köszetezik	köszetezek	köszetezem
tonyutozik	tonyutozok	tonyutozom
szepkötödik	szepkötödök	szepkötödöm
kümilezik	kümilezek	kümilezem
lénlölölik	lénlölölök	lénlölölöm
rékezik	rékezek	rékezem
