record_date	dat_id	part_id
2022-11-19T09:47:00Z	hungarian-esp_esp_participant_SESSION_2022-11-19_09h47.48.87.csv	JT0KQV
2022-11-19T09:56:00Z	hungarian-esp_esp_participant_SESSION_2022-11-19_09h56.28.75.csv	EIDWFP
2022-11-19T11:48:00Z	hungarian-esp_esp_participant_SESSION_2022-11-19_11h48.31.729.csv	SWLTXH
2022-11-19T17:13:00Z	hungarian-esp_esp_participant_SESSION_2022-11-19_17h13.08.174.csv	DR1GOX
2022-11-19T19:29:00Z	hungarian-esp_esp_participant_SESSION_2022-11-19_19h29.23.567.csv	NIASI9
2022-11-19T20:20:00Z	hungarian-esp_esp_participant_SESSION_2022-11-19_20h20.07.908.csv	fmgttz
2022-11-19T21:58:00Z	hungarian-esp_esp_participant_SESSION_2022-11-19_21h58.28.923.csv	EIDCA8
2022-11-20T11:52:00Z	hungarian-esp_esp_participant_SESSION_2022-11-20_11h52.59.501.csv	GR3TXD
2022-11-20T12:28:00Z	hungarian-esp_esp_participant_SESSION_2022-11-20_12h28.55.95.csv	AR6Y3F
2022-11-20T13:04:00Z	hungarian-esp_esp_participant_SESSION_2022-11-20_13h04.55.681.csv	LWVUH9
2022-11-20T13:42:00Z	hungarian-esp_esp_participant_SESSION_2022-11-20_13h42.56.491.csv	ATGROI
2022-11-20T15:25:00Z	hungarian-esp_esp_participant_SESSION_2022-11-20_15h25.29.296.csv	nxbunm
2022-11-20T16:08:00Z	hungarian-esp_esp_participant_SESSION_2022-11-20_16h08.23.626.csv	IGI6FL
2022-11-20T16:09:00Z	hungarian-esp_esp_participant_SESSION_2022-11-20_16h09.01.999.csv	X21QLK
2022-11-20T16:21:00Z	hungarian-esp_esp_participant_SESSION_2022-11-20_16h21.33.188.csv	N549X4
2022-11-20T16:49:00Z	hungarian-esp_esp_participant_SESSION_2022-11-20_16h49.31.168.csv	XBQDWS
2022-11-20T17:01:00Z	hungarian-esp_esp_participant_SESSION_2022-11-20_17h01.10.960.csv	EZ3SDP
2022-11-20T17:07:00Z	hungarian-esp_esp_participant_SESSION_2022-11-20_17h07.22.966.csv	FWNG3T
2022-11-20T17:14:00Z	hungarian-esp_esp_participant_SESSION_2022-11-20_17h14.20.635.csv	JK0MDQ
2022-11-20T17:18:00Z	hungarian-esp_esp_participant_SESSION_2022-11-20_17h18.35.688.csv	AJ3Q51
2022-11-20T20:10:00Z	hungarian-esp_esp_participant_SESSION_2022-11-20_20h10.49.991.csv	S0D913
2022-11-20T20:51:00Z	hungarian-esp_esp_participant_SESSION_2022-11-20_20h51.33.841.csv	JE5SFU
2022-11-20T21:07:00Z	hungarian-esp_esp_participant_SESSION_2022-11-20_21h07.57.71.csv	DEXM7Y
2022-11-20T22:16:00Z	hungarian-esp_esp_participant_SESSION_2022-11-20_22h16.57.364.csv	Z7WNY6
2022-11-20T22:37:00Z	hungarian-esp_esp_participant_SESSION_2022-11-20_22h37.29.622.csv	ESXWKR
2022-11-20T22:49:00Z	hungarian-esp_esp_participant_SESSION_2022-11-20_22h49.17.883.csv	LW0EUN
2022-11-21T09:38:00Z	hungarian-esp_esp_participant_SESSION_2022-11-21_09h38.14.813.csv	WNORTS
2022-11-21T11:17:00Z	hungarian-esp_esp_participant_SESSION_2022-11-21_11h17.24.599.csv	FU64F8
2022-11-21T12:40:00Z	hungarian-esp_esp_participant_SESSION_2022-11-21_12h40.18.322.csv	J4FORE
2022-11-21T12:46:00Z	hungarian-esp_esp_participant_SESSION_2022-11-21_12h46.32.529.csv	XAKDQ3
2022-11-21T12:55:00Z	hungarian-esp_esp_participant_SESSION_2022-11-21_12h55.31.11.csv	PIBK75
2022-11-21T15:30:00Z	hungarian-esp_esp_participant_SESSION_2022-11-21_15h30.11.810.csv	DAG7T4
2022-11-21T17:04:00Z	hungarian-esp_esp_participant_SESSION_2022-11-21_17h04.36.659.csv	I96V0B
2022-11-21T18:22:00Z	hungarian-esp_esp_participant_SESSION_2022-11-21_18h22.07.454.csv	N37PUW
2022-11-21T18:39:00Z	hungarian-esp_esp_participant_SESSION_2022-11-21_18h39.09.844.csv	YH6M5S
2022-11-21T20:23:00Z	hungarian-esp_esp_participant_SESSION_2022-11-21_20h23.30.182.csv	IK8F1D
2022-11-21T21:36:00Z	hungarian-esp_esp_participant_SESSION_2022-11-21_21h36.47.408.csv	CEPFPW
2022-11-21T23:46:00Z	hungarian-esp_esp_participant_SESSION_2022-11-21_23h46.30.282.csv	I8FJ4K
2022-11-22T10:26:00Z	hungarian-esp_esp_participant_SESSION_2022-11-22_10h26.32.341.csv	SXET9I
2022-11-22T15:19:00Z	hungarian-esp_esp_participant_SESSION_2022-11-22_15h19.01.12.csv	Z7JPN2
2022-11-22T17:15:00Z	hungarian-esp_esp_participant_SESSION_2022-11-22_17h15.50.504.csv	U01AEI 
2022-11-22T17:42:00Z	hungarian-esp_esp_participant_SESSION_2022-11-22_17h42.55.607.csv	CWTB5S
2022-11-22T20:07:00Z	hungarian-esp_esp_participant_SESSION_2022-11-22_20h07.06.634.csv	STQJVW
2022-11-22T21:56:00Z	hungarian-esp_esp_participant_SESSION_2022-11-22_21h56.13.804.csv	YT5VG5
2022-11-22T23:37:00Z	hungarian-esp_esp_participant_SESSION_2022-11-22_23h37.09.416.csv	AR1WBX
2022-11-23T00:15:00Z	hungarian-esp_esp_participant_SESSION_2022-11-23_00h15.40.841.csv	X3V7FC
2022-11-23T08:42:00Z	hungarian-esp_esp_participant_SESSION_2022-11-23_08h42.01.674.csv	I3YBEN
2022-11-23T17:32:00Z	hungarian-esp_esp_participant_SESSION_2022-11-23_17h32.37.847.csv	KS4L3P
2022-11-23T19:36:00Z	hungarian-esp_esp_participant_SESSION_2022-11-23_19h36.19.921.csv	I21P6B
2022-11-23T19:51:00Z	hungarian-esp_esp_participant_SESSION_2022-11-23_19h51.06.460.csv	NLESE8
2022-11-23T21:25:00Z	hungarian-esp_esp_participant_SESSION_2022-11-23_21h25.39.143.csv	XV4WC0
2022-11-23T23:22:00Z	hungarian-esp_esp_participant_SESSION_2022-11-23_23h22.28.232.csv	HZIOW3
2022-11-24T03:05:00Z	hungarian-esp_esp_participant_SESSION_2022-11-24_03h05.02.642.csv	RID0QT
2022-11-24T08:34:00Z	hungarian-esp_esp_participant_SESSION_2022-11-24_08h34.18.955.csv	IXNOYB
2022-11-24T08:52:00Z	hungarian-esp_esp_participant_SESSION_2022-11-24_08h52.34.681.csv	COZTQV
2022-11-24T10:12:00Z	hungarian-esp_esp_participant_SESSION_2022-11-24_10h12.05.834.csv	BSRTUG
2022-11-24T10:19:00Z	hungarian-esp_esp_participant_SESSION_2022-11-24_10h19.11.305.csv	JD8SJ6
2022-11-24T13:14:00Z	hungarian-esp_esp_participant_SESSION_2022-11-24_13h14.30.302.csv	L7D38R
2022-11-24T15:30:00Z	hungarian-esp_esp_participant_SESSION_2022-11-24_15h30.58.245.csv	APBJ28
2022-11-24T15:33:00Z	hungarian-esp_esp_participant_SESSION_2022-11-24_15h33.24.213.csv	GHCFI1
2022-11-24T19:47:00Z	hungarian-esp_esp_participant_SESSION_2022-11-24_19h47.29.456.csv	HVOMDH
2022-11-25T17:29:00Z	hungarian-esp_esp_participant_SESSION_2022-11-25_17h29.54.509.csv	Y4E6HT
2022-11-25T17:35:00Z	hungarian-esp_esp_participant_SESSION_2022-11-25_17h35.16.413.csv	JFI8HN
2022-11-25T21:56:00Z	hungarian-esp_esp_participant_SESSION_2022-11-25_21h56.26.832.csv	BRQ3X1
2022-11-25T23:21:00Z	hungarian-esp_esp_participant_SESSION_2022-11-25_23h21.51.275.csv	TEGMN9
2022-11-27T11:53:00Z	hungarian-esp_esp_participant_SESSION_2022-11-27_11h53.38.838.csv	ZPKX1H
2022-11-27T15:51:00Z	hungarian-esp_esp_participant_SESSION_2022-11-27_15h51.36.696.csv	NHXIM7
2022-11-27T15:56:00Z	hungarian-esp_esp_participant_SESSION_2022-11-27_15h56.10.90.csv	F3OXGT
2022-11-27T23:38:00Z	hungarian-esp_esp_participant_SESSION_2022-11-27_23h38.45.448.csv	KJOS9T
2022-11-28T02:40:00Z	hungarian-esp_esp_participant_SESSION_2022-11-28_02h40.13.201.csv	EW1RPT
2022-11-28T15:44:00Z	hungarian-esp_esp_participant_SESSION_2022-11-28_15h44.20.387.csv	X4JOCB
2022-11-28T16:18:00Z	hungarian-esp_esp_participant_SESSION_2022-11-28_16h18.35.668.csv	CELWDX
2022-11-28T21:27:00Z	hungarian-esp_esp_participant_SESSION_2022-11-28_21h27.20.413.csv	L5NKGM
2022-11-29T02:08:00Z	hungarian-esp_esp_participant_SESSION_2022-11-29_02h08.38.453.csv	AHT11S
2022-11-29T11:43:00Z	hungarian-esp_esp_participant_SESSION_2022-11-29_11h43.11.554.csv	I2PAOR
2022-11-29T15:32:00Z	hungarian-esp_esp_participant_SESSION_2022-11-29_15h32.50.143.csv	UNEZ9S
2022-11-29T17:02:00Z	hungarian-esp_esp_participant_SESSION_2022-11-29_17h02.41.832.csv	CMKY7K
2022-11-29T17:14:00Z	hungarian-esp_esp_participant_SESSION_2022-11-29_17h14.14.214.csv	DCJW9V
2022-11-29T18:22:00Z	hungarian-esp_esp_participant_SESSION_2022-11-29_18h22.59.159.csv	DSAM48
2022-11-29T22:26:00Z	hungarian-esp_esp_participant_SESSION_2022-11-29_22h26.42.937.csv	T0JVW9
2022-11-30T09:33:00Z	hungarian-esp_esp_participant_SESSION_2022-11-30_09h33.29.474.csv	P25913
2022-11-30T10:24:00Z	hungarian-esp_esp_participant_SESSION_2022-11-30_10h24.17.435.csv	SN205
2022-11-30T10:26:00Z	hungarian-esp_esp_participant_SESSION_2022-11-30_10h26.38.266.csv	P2MHYL
2022-11-30T10:50:00Z	hungarian-esp_esp_participant_SESSION_2022-11-30_10h50.46.270.csv	NRXX3W
2022-11-30T11:59:00Z	hungarian-esp_esp_participant_SESSION_2022-11-30_11h59.06.773.csv	H3A7QG
2022-11-30T13:31:00Z	hungarian-esp_esp_participant_SESSION_2022-11-30_13h31.31.706.csv	CJL7V6
2022-11-30T18:03:00Z	hungarian-esp_esp_participant_SESSION_2022-11-30_18h03.08.668.csv	SN2010
2022-11-30T21:35:00Z	hungarian-esp_esp_participant_SESSION_2022-11-30_21h35.37.901.csv	3841398
2022-12-01T00:59:00Z	hungarian-esp_esp_participant_SESSION_2022-12-01_00h59.10.418.csv	SN212
2022-12-01T09:31:00Z	hungarian-esp_esp_participant_SESSION_2022-12-01_09h31.46.500.csv	VY425T
2022-12-01T12:07:00Z	hungarian-esp_esp_participant_SESSION_2022-12-01_12h07.16.495.csv	XAYSZ5
2022-12-01T15:21:00Z	hungarian-esp_esp_participant_SESSION_2022-12-01_15h21.39.577.csv	SN215
2022-12-01T15:41:00Z	hungarian-esp_esp_participant_SESSION_2022-12-01_15h41.46.792.csv	H3SCWA
2022-12-01T16:10:00Z	hungarian-esp_esp_participant_SESSION_2022-12-01_16h10.20.650.csv	SN216
2022-12-01T20:16:00Z	hungarian-esp_esp_participant_SESSION_2022-12-01_20h16.56.228.csv	XV8XBG
2022-12-01T21:36:00Z	hungarian-esp_esp_participant_SESSION_2022-12-01_21h36.02.979.csv	JFYS9N
2022-12-01T23:30:00Z	hungarian-esp_esp_participant_SESSION_2022-12-01_23h30.01.158.csv	gc4ctk
2022-12-02T10:21:00Z	hungarian-esp_esp_participant_SESSION_2022-12-02_10h21.53.332.csv	DSWLTC
2022-12-02T15:44:00Z	hungarian-esp_esp_participant_SESSION_2022-12-02_15h44.52.786.csv	C5YK0D
2022-12-03T11:23:00Z	hungarian-esp_esp_participant_SESSION_2022-12-03_11h23.21.920.csv	PRR9PJ
2022-12-03T13:03:00Z	hungarian-esp_esp_participant_SESSION_2022-12-03_13h03.04.34.csv	PandGirl
2022-12-03T17:04:00Z	hungarian-esp_esp_participant_SESSION_2022-12-03_17h04.07.856.csv	SN222
2022-12-03T17:28:00Z	hungarian-esp_esp_participant_SESSION_2022-12-03_17h28.59.703.csv	SN202
2022-12-03T20:05:00Z	hungarian-esp_esp_participant_SESSION_2022-12-03_20h05.09.397.csv	E11KCP
2022-12-03T20:14:00Z	hungarian-esp_esp_participant_SESSION_2022-12-03_20h14.16.962.csv	MTZX78
2022-12-03T21:11:00Z	hungarian-esp_esp_participant_SESSION_2022-12-03_21h11.23.42.csv	HWBHM4
2022-12-04T02:33:00Z	hungarian-esp_esp_participant_SESSION_2022-12-04_02h33.50.936.csv	DBY9MQ
2022-12-05T15:29:00Z	hungarian-esp_esp_participant_SESSION_2022-12-05_15h29.26.125.csv	SN226
2022-12-05T17:11:00Z	hungarian-esp_esp_participant_SESSION_2022-12-05_17h11.10.587.csv	GJHN6G
2022-12-05T17:43:00Z	hungarian-esp_esp_participant_SESSION_2022-12-05_17h43.25.392.csv	A3DLMW
2022-12-05T18:26:00Z	hungarian-esp_esp_participant_SESSION_2022-12-05_18h26.38.141.csv	U6SI9I
2022-12-05T22:33:00Z	hungarian-esp_esp_participant_SESSION_2022-12-05_22h33.47.652.csv	SN227
2022-12-05T23:10:00Z	hungarian-esp_esp_participant_SESSION_2022-12-05_23h10.37.568.csv	RCS9TQ
2022-12-05T23:54:00Z	hungarian-esp_esp_participant_SESSION_2022-12-05_23h54.44.457.csv	SN204
2022-12-06T12:37:00Z	hungarian-esp_esp_participant_SESSION_2022-12-06_12h37.26.326.csv	SN228
2022-12-06T17:07:00Z	hungarian-esp_esp_participant_SESSION_2022-12-06_17h07.50.147.csv	G232I7
2022-12-06T17:33:00Z	hungarian-esp_esp_participant_SESSION_2022-12-06_17h33.35.728.csv	G1KLYD
2022-12-06T18:59:00Z	hungarian-esp_esp_participant_SESSION_2022-12-06_18h59.56.131.csv	SN229
2022-12-07T10:27:00Z	hungarian-esp_esp_participant_SESSION_2022-12-07_10h27.03.438.csv	SN230
2022-12-07T13:19:00Z	hungarian-esp_esp_participant_SESSION_2022-12-07_13h19.36.900.csv	ZWPQ96
2022-12-07T17:59:00Z	hungarian-esp_esp_participant_SESSION_2022-12-07_17h59.15.356.csv	F8SM1M
2022-12-07T20:03:00Z	hungarian-esp_esp_participant_SESSION_2022-12-07_20h03.50.286.csv	T0N5V4
2022-12-07T23:01:00Z	hungarian-esp_esp_participant_SESSION_2022-12-07_23h01.31.510.csv	ENE9S9
2022-12-08T17:30:00Z	hungarian-esp_esp_participant_SESSION_2022-12-08_17h30.07.757.csv	SN211
2022-12-08T19:36:00Z	hungarian-esp_esp_participant_SESSION_2022-12-08_19h36.40.408.csv	ED49HH
2022-12-09T22:03:00Z	hungarian-esp_esp_participant_SESSION_2022-12-09_22h03.03.82.csv	UDEF1P
2022-12-10T15:10:00Z	hungarian-esp_esp_participant_SESSION_2022-12-10_15h10.56.129.csv	SN233
2022-12-10T16:04:00Z	hungarian-esp_esp_participant_SESSION_2022-12-10_16h04.06.630.csv	CV3HFN
2022-12-10T18:51:00Z	hungarian-esp_esp_participant_SESSION_2022-12-10_18h51.37.66.csv	SN234
2022-12-11T13:32:00Z	hungarian-esp_esp_participant_SESSION_2022-12-11_13h32.51.522.csv	SN208
2022-12-11T16:01:00Z	hungarian-esp_esp_participant_SESSION_2022-12-11_16h01.51.823.csv	GB8AYW
2022-12-16T13:50:00Z	hungarian-esp_esp_participant_SESSION_2022-12-16_13h50.57.329.csv	SN236
2022-12-16T15:05:00Z	hungarian-esp_esp_participant_SESSION_2022-12-16_15h05.45.487.csv	SN237
2022-12-16T21:46:00Z	hungarian-esp_esp_participant_SESSION_2022-12-16_21h46.32.940.csv	GAJAXI
2022-12-17T13:05:00Z	hungarian-esp_esp_participant_SESSION_2022-12-17_13h05.57.561.csv	G3GSRZ
2023-01-04T11:38:00Z	hungarian-esp_esp_participant_SESSION_2023-01-04_11h38.25.276.csv	SN238
2023-01-07T18:22:00Z	hungarian-esp_esp_participant_SESSION_2023-01-07_18h22.04.346.csv	NY7GN9
2023-04-29T15:57:00Z	hungarian-esp_esp_participant_SESSION_2023-04-29_15h57.43.611.csv	HIYCTT
2023-04-29T20:02:00Z	hungarian-esp_esp_participant_SESSION_2023-04-29_20h02.53.245.csv	HR75EM
2023-04-30T11:36:00Z	hungarian-esp_esp_participant_SESSION_2023-04-30_11h36.45.656.csv	G58OQL 
2023-04-30T15:10:00Z	hungarian-esp_esp_participant_SESSION_2023-04-30_15h10.25.451.csv	CXPQVT
2023-05-02T14:32:00Z	hungarian-esp_esp_participant_SESSION_2023-05-02_14h32.20.868.csv	waqmq9
2023-05-02T16:30:00Z	hungarian-esp_esp_participant_SESSION_2023-05-02_16h30.42.413.csv	CF9BSM
2023-05-03T12:39:00Z	hungarian-esp_esp_participant_SESSION_2023-05-03_12h39.57.953.csv	IDDD1U
2023-05-03T14:48:00Z	hungarian-esp_esp_participant_SESSION_2023-05-03_14h48.31.388.csv	DAWV2W 
2023-05-03T15:01:00Z	hungarian-esp_esp_participant_SESSION_2023-05-03_15h01.00.603.csv	U1NU8V
2023-05-03T22:52:00Z	hungarian-esp_esp_participant_SESSION_2023-05-03_22h52.29.244.csv	W1W5BR
2023-05-03T23:06:00Z	hungarian-esp_esp_participant_SESSION_2023-05-03_23h06.15.625.csv	BN4L3Q
2023-05-09T10:49:00Z	hungarian-esp_esp_participant_SESSION_2023-05-09_10h49.20.190.csv	XBQDWS
2023-05-09T10:51:00Z	hungarian-esp_esp_participant_SESSION_2023-05-09_10h51.51.367.csv	DSH59N
2023-05-09T23:30:00Z	hungarian-esp_esp_participant_SESSION_2023-05-09_23h30.26.526.csv	OAGXZ4
2023-05-18T17:47:00Z	hungarian-esp_esp_participant_SESSION_2023-05-18_17h47.16.490.csv	W2E2AE
2023-05-21T19:11:00Z	hungarian-esp_esp_participant_SESSION_2023-05-21_19h11.24.997.csv	LRIH41
2023-05-21T22:08:00Z	hungarian-esp_esp_participant_SESSION_2023-05-21_22h08.31.914.csv	HJTCN3
2023-05-21T22:17:00Z	hungarian-esp_esp_participant_SESSION_2023-05-21_22h17.17.883.csv	vc2wtq
2023-05-23T11:43:00Z	hungarian-esp_esp_participant_SESSION_2023-05-23_11h43.59.658.csv	HGFCTO
2023-05-23T22:43:00Z	hungarian-esp_esp_participant_SESSION_2023-05-23_22h43.16.631.csv	E2P76N
2023-05-24T10:53:00Z	hungarian-esp_esp_participant_SESSION_2023-05-24_10h53.53.777.csv	EOSX6A
2023-05-24T14:08:00Z	hungarian-esp_esp_participant_SESSION_2023-05-24_14h08.21.559.csv	ETB702
2023-05-24T18:16:00Z	hungarian-esp_esp_participant_SESSION_2023-05-24_18h16.00.535.csv	BY64VC
2023-05-26T09:55:00Z	hungarian-esp_esp_participant_SESSION_2023-05-26_09h55.16.453.csv	BCA9Y5
2023-05-26T10:03:00Z	hungarian-esp_esp_participant_SESSION_2023-05-26_10h03.53.28.csv	bnzowg
2023-05-26T10:08:00Z	hungarian-esp_esp_participant_SESSION_2023-05-26_10h08.47.136.csv	AC3QCP
2023-05-26T11:46:00Z	hungarian-esp_esp_participant_SESSION_2023-05-26_11h46.36.878.csv	EKISMJ
2023-05-26T11:47:00Z	hungarian-esp_esp_participant_SESSION_2023-05-26_11h47.27.369.csv	C71UBM
2023-05-26T13:04:00Z	hungarian-esp_esp_participant_SESSION_2023-05-26_13h04.49.505.csv	GUIRQB
2023-05-26T13:40:00Z	hungarian-esp_esp_participant_SESSION_2023-05-26_13h40.02.423.csv	AH9YTF 
2023-05-26T14:58:00Z	hungarian-esp_esp_participant_SESSION_2023-05-26_14h58.39.568.csv	FSIRH5
2023-05-26T17:45:00Z	hungarian-esp_esp_participant_SESSION_2023-05-26_17h45.08.995.csv	qkqauk
2023-05-26T17:46:00Z	hungarian-esp_esp_participant_SESSION_2023-05-26_17h46.09.948.csv	CU0TP6
2023-05-26T18:06:00Z	hungarian-esp_esp_participant_SESSION_2023-05-26_18h06.17.508.csv	FCU4DF
2023-05-26T20:45:00Z	hungarian-esp_esp_participant_SESSION_2023-05-26_20h45.16.179.csv	HIYCTT
2023-05-26T21:17:00Z	hungarian-esp_esp_participant_SESSION_2023-05-26_21h17.52.720.csv	HIYCTT
2023-05-26T23:43:00Z	hungarian-esp_esp_participant_SESSION_2023-05-26_23h43.18.577.csv	vtgd7x
2023-05-27T12:52:00Z	hungarian-esp_esp_participant_SESSION_2023-05-27_12h52.09.795.csv	PCLIOS
2023-05-27T15:39:00Z	hungarian-esp_esp_participant_SESSION_2023-05-27_15h39.25.559.csv	DWQJ7L
2023-05-27T15:54:00Z	hungarian-esp_esp_participant_SESSION_2023-05-27_15h54.15.876.csv	EGUKFC
2023-05-27T15:59:00Z	hungarian-esp_esp_participant_SESSION_2023-05-27_15h59.35.967.csv	PUICTF
2023-05-27T16:12:00Z	hungarian-esp_esp_participant_SESSION_2023-05-27_16h12.29.196.csv	IF3LLE
2023-05-27T17:43:00Z	hungarian-esp_esp_participant_SESSION_2023-05-27_17h43.17.990.csv	ANA69S
2023-05-27T17:57:00Z	hungarian-esp_esp_participant_SESSION_2023-05-27_17h57.10.256.csv	DT1O4H
2023-05-27T18:53:00Z	hungarian-esp_esp_participant_SESSION_2023-05-27_18h53.26.987.csv	MVOLOV
2023-05-27T19:16:00Z	hungarian-esp_esp_participant_SESSION_2023-05-27_19h16.15.556.csv	FD9XKG
2023-05-27T21:04:00Z	hungarian-esp_esp_participant_SESSION_2023-05-27_21h04.33.844.csv	J4U4W0
2023-05-27T21:18:00Z	hungarian-esp_esp_participant_SESSION_2023-05-27_21h18.45.210.csv	F1N0BS
2023-05-27T21:26:00Z	hungarian-esp_esp_participant_SESSION_2023-05-27_21h26.15.647.csv	BM04T7
2023-05-28T11:38:00Z	hungarian-esp_esp_participant_SESSION_2023-05-28_11h38.57.519.csv	CRVLXB
2023-05-28T19:23:00Z	hungarian-esp_esp_participant_SESSION_2023-05-28_19h23.39.755.csv	F46FMX
2023-05-28T20:15:00Z	hungarian-esp_esp_participant_SESSION_2023-05-28_20h15.03.932.csv	EIPAU5
2023-05-29T00:53:00Z	hungarian-esp_esp_participant_SESSION_2023-05-29_00h53.23.320.csv	YBDH1P
2023-05-29T07:39:00Z	hungarian-esp_esp_participant_SESSION_2023-05-29_07h39.46.862.csv	E0OHSZ
2023-05-29T11:31:00Z	hungarian-esp_esp_participant_SESSION_2023-05-29_11h31.11.519.csv	ZX6LA1
2023-05-29T14:16:00Z	hungarian-esp_esp_participant_SESSION_2023-05-29_14h16.34.735.csv	UJ9OFI
2023-05-29T18:26:00Z	hungarian-esp_esp_participant_SESSION_2023-05-29_18h26.02.978.csv	YE5XWP
2023-05-29T20:24:00Z	hungarian-esp_esp_participant_SESSION_2023-05-29_20h24.50.454.csv	JC5HGE
2023-05-29T21:29:00Z	hungarian-esp_esp_participant_SESSION_2023-05-29_21h29.58.547.csv	hg4zs5
2023-05-30T09:55:00Z	hungarian-esp_esp_participant_SESSION_2023-05-30_09h55.06.542.csv	qo5e8m
2023-05-30T20:46:00Z	hungarian-esp_esp_participant_SESSION_2023-05-30_20h46.10.86.csv	EM561B
2023-05-30T22:02:00Z	hungarian-esp_esp_participant_SESSION_2023-05-30_22h02.27.411.csv	R4ICHN
2023-05-30T22:08:00Z	hungarian-esp_esp_participant_SESSION_2023-05-30_22h08.58.943.csv	K0IVER
2023-05-31T13:15:00Z	hungarian-esp_esp_participant_SESSION_2023-05-31_13h15.41.621.csv	qi3t00
2023-05-31T18:12:00Z	hungarian-esp_esp_participant_SESSION_2023-05-31_18h12.21.14.csv	O0PCR9
2023-06-01T08:54:00Z	hungarian-esp_esp_participant_SESSION_2023-06-01_08h54.28.834.csv	RD1H5S
2023-06-01T11:52:00Z	hungarian-esp_esp_participant_SESSION_2023-06-01_11h52.29.961.csv	RQLTEN
2023-06-01T13:25:00Z	hungarian-esp_esp_participant_SESSION_2023-06-01_13h25.32.689.csv	B71JAY
2023-06-01T21:22:00Z	hungarian-esp_esp_participant_SESSION_2023-06-01_21h22.02.623.csv	HSY9X6
2023-06-02T04:05:00Z	hungarian-esp_esp_participant_SESSION_2023-06-02_04h05.33.236.csv	FX1JCO
2023-06-02T10:19:00Z	hungarian-esp_esp_participant_SESSION_2023-06-02_10h19.06.58.csv	J6VW4H
2023-06-02T10:23:00Z	hungarian-esp_esp_participant_SESSION_2023-06-02_10h23.01.608.csv	NVV5q6
2023-06-02T15:39:00Z	hungarian-esp_esp_participant_SESSION_2023-06-02_15h39.44.818.csv	DP7TJL
2023-06-02T22:20:00Z	hungarian-esp_esp_participant_SESSION_2023-06-02_22h20.22.725.csv	HEY38D
2023-06-03T11:02:00Z	hungarian-esp_esp_participant_SESSION_2023-06-03_11h02.38.578.csv	SD5DQM
2023-06-03T16:33:00Z	hungarian-esp_esp_participant_SESSION_2023-06-03_16h33.17.934.csv	ABW697
2023-06-03T20:57:00Z	hungarian-esp_esp_participant_SESSION_2023-06-03_20h57.31.415.csv	N6Z0GH
2023-06-04T22:38:00Z	hungarian-esp_esp_participant_SESSION_2023-06-04_22h38.29.193.csv	JMI6TM
2023-06-05T11:26:00Z	hungarian-esp_esp_participant_SESSION_2023-06-05_11h26.06.711.csv	BOKMWO
2023-06-05T16:02:00Z	hungarian-esp_esp_participant_SESSION_2023-06-05_16h02.04.733.csv	AETI5S
2023-06-05T16:48:00Z	hungarian-esp_esp_participant_SESSION_2023-06-05_16h48.21.989.csv	IXCAR9
2023-06-05T22:02:00Z	hungarian-esp_esp_participant_SESSION_2023-06-05_22h02.11.83.csv	XNXKLX
2023-06-06T18:33:00Z	hungarian-esp_esp_participant_SESSION_2023-06-06_18h33.41.94.csv	vtgd7x
2023-06-06T19:38:00Z	hungarian-esp_esp_participant_SESSION_2023-06-06_19h38.13.628.csv	B1BLUU
2023-06-06T20:18:00Z	hungarian-esp_esp_participant_SESSION_2023-06-06_20h18.21.974.csv	G2A2WO
2023-06-06T20:46:00Z	hungarian-esp_esp_participant_SESSION_2023-06-06_20h46.10.549.csv	VTJHC8
2023-06-06T21:37:00Z	hungarian-esp_esp_participant_SESSION_2023-06-06_21h37.09.63.csv	EW1FKC
2023-06-06T22:28:00Z	hungarian-esp_esp_participant_SESSION_2023-06-06_22h28.12.509.csv	Q1ASJ5
2023-06-06T22:28:00Z	hungarian-esp_esp_participant_SESSION_2023-06-06_22h28.42.38.csv	RCQ29H
2023-06-07T08:57:00Z	hungarian-esp_esp_participant_SESSION_2023-06-07_08h57.26.478.csv	GURUG3
2023-06-07T13:04:00Z	hungarian-esp_esp_participant_SESSION_2023-06-07_13h04.41.903.csv	ANEKY8
2023-06-07T18:48:00Z	hungarian-esp_esp_participant_SESSION_2023-06-07_18h48.59.94.csv	R4EK2O
2023-06-07T18:55:00Z	hungarian-esp_esp_participant_SESSION_2023-06-07_18h55.21.601.csv	FWFZTF
2023-06-07T22:05:00Z	hungarian-esp_esp_participant_SESSION_2023-06-07_22h05.08.88.csv	C8EE0C
2023-06-07T22:07:00Z	hungarian-esp_esp_participant_SESSION_2023-06-07_22h07.00.982.csv	IP085H
2023-06-08T10:35:00Z	hungarian-esp_esp_participant_SESSION_2023-06-08_10h35.49.280.csv	E432YI
2023-06-08T12:36:00Z	hungarian-esp_esp_participant_SESSION_2023-06-08_12h36.01.588.csv	JLQHGI
2023-06-08T13:03:00Z	hungarian-esp_esp_participant_SESSION_2023-06-08_13h03.35.704.csv	GAOEL3
2023-06-08T13:29:00Z	hungarian-esp_esp_participant_SESSION_2023-06-08_13h29.47.685.csv	GKKKHT
2023-06-08T21:03:00Z	hungarian-esp_esp_participant_SESSION_2023-06-08_21h03.57.835.csv	YU8B34
2023-06-08T23:28:00Z	hungarian-esp_esp_participant_SESSION_2023-06-08_23h28.57.672.csv	K78XZA
2023-06-08T23:49:00Z	hungarian-esp_esp_participant_SESSION_2023-06-08_23h49.20.169.csv	YRMPYU
2023-06-09T08:53:00Z	hungarian-esp_esp_participant_SESSION_2023-06-09_08h53.23.959.csv	O0WLXY
2023-06-09T09:51:00Z	hungarian-esp_esp_participant_SESSION_2023-06-09_09h51.44.39.csv	CWDY78
2023-06-09T10:58:00Z	hungarian-esp_esp_participant_SESSION_2023-06-09_10h58.48.560.csv	KZVP5R
2023-06-09T11:34:00Z	hungarian-esp_esp_participant_SESSION_2023-06-09_11h34.24.764.csv	KDD5ZX
2023-06-09T11:48:00Z	hungarian-esp_esp_participant_SESSION_2023-06-09_11h48.58.136.csv	Q5NU0T
2023-06-09T11:56:00Z	hungarian-esp_esp_participant_SESSION_2023-06-09_11h56.37.971.csv	YBWXA6
2023-06-09T12:13:00Z	hungarian-esp_esp_participant_SESSION_2023-06-09_12h13.41.356.csv	V7WHGC
2023-06-09T12:38:00Z	hungarian-esp_esp_participant_SESSION_2023-06-09_12h38.44.725.csv	R89NAR
2023-06-09T13:46:00Z	hungarian-esp_esp_participant_SESSION_2023-06-09_13h46.13.427.csv	N8IJ31
2023-06-09T14:34:00Z	hungarian-esp_esp_participant_SESSION_2023-06-09_14h34.25.753.csv	K6FZCI
2023-06-09T16:17:00Z	hungarian-esp_esp_participant_SESSION_2023-06-09_16h17.29.887.csv	D7J4K6
2023-06-09T17:16:00Z	hungarian-esp_esp_participant_SESSION_2023-06-09_17h16.23.143.csv	FE1YY5
2023-06-09T18:29:00Z	hungarian-esp_esp_participant_SESSION_2023-06-09_18h29.38.212.csv	A8MZ04
2023-06-09T18:44:00Z	hungarian-esp_esp_participant_SESSION_2023-06-09_18h44.08.819.csv	BL3DZF
2023-06-09T21:23:00Z	hungarian-esp_esp_participant_SESSION_2023-06-09_21h23.24.114.csv	MQ5C6M
2023-06-09T21:59:00Z	hungarian-esp_esp_participant_SESSION_2023-06-09_21h59.59.268.csv	I3XH0V
