lemma	xpostag	corpus_size	lemma_freq
történik	[/V][Prs.NDef.3Sg]	8570080167	4203497
működik	[/V][Prs.NDef.3Sg]	8570080167	2488856
tűnik	[/V][Prs.NDef.3Sg]	8570080167	2079177
tartozik	[/V][Prs.NDef.3Sg]	8570080167	2020739
válik	[/V][Prs.NDef.3Sg]	8570080167	4028540
látszik	[/V][Prs.NDef.3Sg]	8570080167	1217735
létezik	[/V][Prs.NDef.3Sg]	8570080167	1297361
dolgozik	[/V][Prs.NDef.3Sg]	8570080167	3627092
tetszik	[/V][Prs.NDef.3Sg]	8570080167	1498478
kezdődik	[/V][Prs.NDef.3Sg]	8570080167	1314350
érkezik	[/V][Prs.NDef.3Sg]	8570080167	2258874
esik	[/V][Prs.NDef.3Sg]	8570080167	1885634
jelenik	[/V][Prs.NDef.3Sg]	8570080167	1647977
játszik	[/V][Prs.NDef.3Sg]	8570080167	2672605
változik	[/V][Prs.NDef.3Sg]	8570080167	1725689
nyílik	[/V][Prs.NDef.3Sg]	8570080167	769981
folyik	[/V][Prs.NDef.3Sg]	8570080167	743029
hiányzik	[/V][Prs.NDef.3Sg]	8570080167	686890
zajlik	[/V][Prs.NDef.3Sg]	8570080167	746813
származik	[/V][Prs.NDef.3Sg]	8570080167	596330
igyekszik	[/V][Prs.NDef.3Sg]	8570080167	1372052
múlik	[/V][Prs.NDef.3Sg]	8570080167	558108
illik	[/V][Prs.NDef.3Sg]	8570080167	433674
hangzik	[/V][Prs.NDef.3Sg]	8570080167	530652
fekszik	[/V][Prs.NDef.3Sg]	8570080167	604506
növekszik	[/V][Prs.NDef.3Sg]	8570080167	520866
emelkedik	[/V][Prs.NDef.3Sg]	8570080167	747438
születik	[/V][Prs.NDef.3Sg]	8570080167	1768256
törekszik	[/V][Prs.NDef.3Sg]	8570080167	642126
rejlik	[/V][Prs.NDef.3Sg]	8570080167	197559
adódik	[/V][Prs.NDef.3Sg]	8570080167	313753
lakik	[/V][Prs.NDef.3Sg]	8570080167	612717
vágyik	[/V][Prs.NDef.3Sg]	8570080167	579400
fejlődik	[/V][Prs.NDef.3Sg]	8570080167	554541
telik	[/V][Prs.NDef.3Sg]	8570080167	654760
eszik	[/V][Prs.NDef.3Sg]	8570080167	1320365
alszik	[/V][Prs.NDef.3Sg]	8570080167	668614
emlékszik	[/V][Prs.NDef.3Sg]	8570080167	582875
játszódik	[/V][Prs.NDef.3Sg]	8570080167	142955
kötődik	[/V][Prs.NDef.3Sg]	8570080167	196259
utazik	[/V][Prs.NDef.3Sg]	8570080167	732800
fűződik	[/V][Prs.NDef.3Sg]	8570080167	121731
bízik	[/V][Prs.NDef.3Sg]	8570080167	324694
húzódik	[/V][Prs.NDef.3Sg]	8570080167	188010
távozik	[/V][Prs.NDef.3Sg]	8570080167	362436
közeledik	[/V][Prs.NDef.3Sg]	8570080167	245136
romlik	[/V][Prs.NDef.3Sg]	8570080167	195968
ütközik	[/V][Prs.NDef.3Sg]	8570080167	225302
ugrik	[/V][Prs.NDef.3Sg]	8570080167	341439
nyúlik	[/V][Prs.NDef.3Sg]	8570080167	73041
egyezik	[/V][Prs.NDef.3Sg]	8570080167	230655
uralkodik	[/V][Prs.NDef.3Sg]	8570080167	204714
nyugszik	[/V][Prs.NDef.3Sg]	8570080167	200200
szűnik	[/V][Prs.NDef.3Sg]	8570080167	168796
erősödik	[/V][Prs.NDef.3Sg]	8570080167	216852
alapszik	[/V][Prs.NDef.3Sg]	8570080167	60602
iszik	[/V][Prs.NDef.3Sg]	8570080167	651299
fokozódik	[/V][Prs.NDef.3Sg]	8570080167	95082
csúszik	[/V][Prs.NDef.3Sg]	8570080167	191096
igazodik	[/V][Prs.NDef.3Sg]	8570080167	195863
keveredik	[/V][Prs.NDef.3Sg]	8570080167	181236
érződik	[/V][Prs.NDef.3Sg]	8570080167	74697
veszik	[/V][Prs.NDef.3Sg]	8570080167	167484
ígérkezik	[/V][Prs.NDef.3Sg]	8570080167	66458
emlékezik	[/V][Prs.NDef.3Sg]	8570080167	607896
hazudik	[/V][Prs.NDef.3Sg]	8570080167	206336
végződik	[/V][Prs.NDef.3Sg]	8570080167	106528
áramlik	[/V][Prs.NDef.3Sg]	8570080167	85538
késik	[/V][Prs.NDef.3Sg]	8570080167	131308
oszlik	[/V][Prs.NDef.3Sg]	8570080167	77631
virágzik	[/V][Prs.NDef.3Sg]	8570080167	83044
törődik	[/V][Prs.NDef.3Sg]	8570080167	206232
aggódik	[/V][Prs.NDef.3Sg]	8570080167	341034
oldódik	[/V][Prs.NDef.3Sg]	8570080167	72937
fejeződik	[/V][Prs.NDef.3Sg]	8570080167	91178
bújik	[/V][Prs.NDef.3Sg]	8570080167	143158
képződik	[/V][Prs.NDef.3Sg]	8570080167	75875
árulkodik	[/V][Prs.NDef.3Sg]	8570080167	62655
bánik	[/V][Prs.NDef.3Sg]	8570080167	34758
tevődik	[/V][Prs.NDef.3Sg]	8570080167	46451
melegszik	[/V][Prs.NDef.3Sg]	8570080167	43511
úszik	[/V][Prs.NDef.3Sg]	8570080167	228752
rejtőzik	[/V][Prs.NDef.3Sg]	8570080167	58213
hullik	[/V][Prs.NDef.3Sg]	8570080167	123414
bukik	[/V][Prs.NDef.3Sg]	8570080167	178435
jólesik	[/V][Prs.NDef.3Sg]	8570080167	54288
adatik	[/V][Prs.NDef.3Sg]	8570080167	76358
hajlik	[/V][Prs.NDef.3Sg]	8570080167	62306
vélekedik	[/V][Prs.NDef.3Sg]	8570080167	123148
ömlik	[/V][Prs.NDef.3Sg]	8570080167	51237
gyűlik	[/V][Prs.NDef.3Sg]	8570080167	173964
rémlik	[/V][Prs.NDef.3Sg]	8570080167	33703
lakozik	[/V][Prs.NDef.3Sg]	8570080167	39428
bomlik	[/V][Prs.NDef.3Sg]	8570080167	48249
vérzik	[/V][Prs.NDef.3Sg]	8570080167	54196
sugárzik	[/V][Prs.NDef.3Sg]	8570080167	39114
álmodik	[/V][Prs.NDef.3Sg]	8570080167	223489
szívódik	[/V][Prs.NDef.3Sg]	8570080167	38838
pályázik	[/V][Prs.NDef.3Sg]	8570080167	247923
nehezedik	[/V][Prs.NDef.3Sg]	8570080167	38547
imádkozik	[/V][Prs.NDef.3Sg]	8570080167	319092
íródik	[/V][Prs.NDef.3Sg]	8570080167	102757
ízlik	[/V][Prs.NDef.3Sg]	8570080167	62418
dohányzik	[/V][Prs.NDef.3Sg]	8570080167	67978
búcsúzik	[/V][Prs.NDef.3Sg]	8570080167	154036
hibázik	[/V][Prs.NDef.3Sg]	8570080167	154009
mászik	[/V][Prs.NDef.3Sg]	8570080167	135247
költözik	[/V][Prs.NDef.3Sg]	8570080167	393996
törlődik	[/V][Prs.NDef.3Sg]	8570080167	35110
osztozik	[/V][Prs.NDef.3Sg]	8570080167	212384
kopik	[/V][Prs.NDef.3Sg]	8570080167	45804
haragszik	[/V][Prs.NDef.3Sg]	8570080167	129179
védekezik	[/V][Prs.NDef.3Sg]	8570080167	166798
vetekszik	[/V][Prs.NDef.3Sg]	8570080167	28843
építkezik	[/V][Prs.NDef.3Sg]	8570080167	78659
öregszik	[/V][Prs.NDef.3Sg]	8570080167	32240
esküszik	[/V][Prs.NDef.3Sg]	8570080167	82803
küszködik	[/V][Prs.NDef.3Sg]	8570080167	65981
törik	[/V][Prs.NDef.3Sg]	8570080167	23295
ingadozik	[/V][Prs.NDef.3Sg]	8570080167	33254
tolódik	[/V][Prs.NDef.3Sg]	8570080167	33844
torkollik	[/V][Prs.NDef.3Sg]	8570080167	43300
kerekedik	[/V][Prs.NDef.3Sg]	8570080167	69864
várakozik	[/V][Prs.NDef.3Sg]	8570080167	96850
töltődik	[/V][Prs.NDef.3Sg]	8570080167	39903
csapódik	[/V][Prs.NDef.3Sg]	8570080167	59286
záródik	[/V][Prs.NDef.3Sg]	8570080167	24424
vadászik	[/V][Prs.NDef.3Sg]	8570080167	98441
vonzódik	[/V][Prs.NDef.3Sg]	8570080167	41981
vetődik	[/V][Prs.NDef.3Sg]	8570080167	46715
pompázik	[/V][Prs.NDef.3Sg]	8570080167	35198
éhezik	[/V][Prs.NDef.3Sg]	8570080167	59636
fázik	[/V][Prs.NDef.3Sg]	8570080167	77143
omlik	[/V][Prs.NDef.3Sg]	8570080167	44757
magasodik	[/V][Prs.NDef.3Sg]	8570080167	22549
kúszik	[/V][Prs.NDef.3Sg]	8570080167	40879
adózik	[/V][Prs.NDef.3Sg]	8570080167	58255
fénylik	[/V][Prs.NDef.3Sg]	8570080167	21630
károsodik	[/V][Prs.NDef.3Sg]	8570080167	44575
haldoklik	[/V][Prs.NDef.3Sg]	8570080167	21831
szökik	[/V][Prs.NDef.3Sg]	8570080167	64890
lélegzik	[/V][Prs.NDef.3Sg]	8570080167	82329
akadozik	[/V][Prs.NDef.3Sg]	8570080167	26700
sodródik	[/V][Prs.NDef.3Sg]	8570080167	50915
tagolódik	[/V][Prs.NDef.3Sg]	8570080167	14997
sorakozik	[/V][Prs.NDef.3Sg]	8570080167	94911
unatkozik	[/V][Prs.NDef.3Sg]	8570080167	103069
távolodik	[/V][Prs.NDef.3Sg]	8570080167	45390
fáradozik	[/V][Prs.NDef.3Sg]	8570080167	40305
izzik	[/V][Prs.NDef.3Sg]	8570080167	23399
avatkozik	[/V][Prs.NDef.3Sg]	8570080167	45734
siklik	[/V][Prs.NDef.3Sg]	8570080167	27173
hízik	[/V][Prs.NDef.3Sg]	8570080167	63813
álmodozik	[/V][Prs.NDef.3Sg]	8570080167	59984
hullámzik	[/V][Prs.NDef.3Sg]	8570080167	19472
rakódik	[/V][Prs.NDef.3Sg]	8570080167	18327
ülésezik	[/V][Prs.NDef.3Sg]	8570080167	27682
botlik	[/V][Prs.NDef.3Sg]	8570080167	41912
turnézik	[/V][Prs.NDef.3Sg]	8570080167	19744
elégszik	[/V][Prs.NDef.3Sg]	8570080167	184225
habzik	[/V][Prs.NDef.3Sg]	8570080167	11630
bűzlik	[/V][Prs.NDef.3Sg]	8570080167	12877
sűrűsödik	[/V][Prs.NDef.3Sg]	8570080167	21560
öröklődik	[/V][Prs.NDef.3Sg]	8570080167	17166
ázik	[/V][Prs.NDef.3Sg]	8570080167	36090
tárolódik	[/V][Prs.NDef.3Sg]	8570080167	33869
fürdik	[/V][Prs.NDef.3Sg]	8570080167	88169
sötétedik	[/V][Prs.NDef.3Sg]	8570080167	18489
porosodik	[/V][Prs.NDef.3Sg]	8570080167	15132
fonódik	[/V][Prs.NDef.3Sg]	8570080167	18743
vergődik	[/V][Prs.NDef.3Sg]	8570080167	27087
hírlik	[/V][Prs.NDef.3Sg]	8570080167	8945
ítélkezik	[/V][Prs.NDef.3Sg]	8570080167	42419
zárkózik	[/V][Prs.NDef.3Sg]	8570080167	34767
ötvöződik	[/V][Prs.NDef.3Sg]	8570080167	11295
havazik	[/V][Prs.NDef.3Sg]	8570080167	16393
tanyázik	[/V][Prs.NDef.3Sg]	8570080167	20309
szopik	[/V][Prs.NDef.3Sg]	8570080167	56825
értetődik	[/V][Prs.NDef.3Sg]	8570080167	7670
szegődik	[/V][Prs.NDef.3Sg]	8570080167	26862
birkózik	[/V][Prs.NDef.3Sg]	8570080167	38668
dívik	[/V][Prs.NDef.3Sg]	8570080167	9090
étkezik	[/V][Prs.NDef.3Sg]	8570080167	56160
szarik	[/V][Prs.NDef.3Sg]	8570080167	6556
értekezik	[/V][Prs.NDef.3Sg]	8570080167	31517
terelődik	[/V][Prs.NDef.3Sg]	8570080167	17644
hanyatlik	[/V][Prs.NDef.3Sg]	8570080167	15385
ágazik	[/V][Prs.NDef.3Sg]	8570080167	11732
felsejlik	[/V][Prs.NDef.3Sg]	8570080167	11290
telepszik	[/V][Prs.NDef.3Sg]	8570080167	93057
ismerszik	[/V][Prs.NDef.3Sg]	8570080167	7941
tetőzik	[/V][Prs.NDef.3Sg]	8570080167	8103
gitározik	[/V][Prs.NDef.3Sg]	8570080167	6267
őrködik	[/V][Prs.NDef.3Sg]	8570080167	18581
csalódik	[/V][Prs.NDef.3Sg]	8570080167	170163
szerződik	[/V][Prs.NDef.3Sg]	8570080167	51630
szomjazik	[/V][Prs.NDef.3Sg]	8570080167	11680
kamatozik	[/V][Prs.NDef.3Sg]	8570080167	32078
lepődik	[/V][Prs.NDef.3Sg]	8570080167	85788
ingázik	[/V][Prs.NDef.3Sg]	8570080167	17703
szövődik	[/V][Prs.NDef.3Sg]	8570080167	17256
időzik	[/V][Prs.NDef.3Sg]	8570080167	35735
hisztizik	[/V][Prs.NDef.3Sg]	8570080167	19664
focizik	[/V][Prs.NDef.3Sg]	8570080167	50977
vétkezik	[/V][Prs.NDef.3Sg]	8570080167	32653
bajlódik	[/V][Prs.NDef.3Sg]	8570080167	39724
érlelődik	[/V][Prs.NDef.3Sg]	8570080167	17933
élesedik	[/V][Prs.NDef.3Sg]	8570080167	8529
mérkőzik	[/V][Prs.NDef.3Sg]	8570080167	32614
irtózik	[/V][Prs.NDef.3Sg]	8570080167	15667
erőlködik	[/V][Prs.NDef.3Sg]	8570080167	26402
hibádzik	[/V][Prs.NDef.3Sg]	8570080167	5785
telítődik	[/V][Prs.NDef.3Sg]	8570080167	13702
vizsgázik	[/V][Prs.NDef.3Sg]	8570080167	61681
leledzik	[/V][Prs.NDef.3Sg]	8570080167	8370
burjánzik	[/V][Prs.NDef.3Sg]	8570080167	7713
állapodik	[/V][Prs.NDef.3Sg]	8570080167	73318
vitázik	[/V][Prs.NDef.3Sg]	8570080167	23295
szűrődik	[/V][Prs.NDef.3Sg]	8570080167	11887
foszlik	[/V][Prs.NDef.3Sg]	8570080167	9690
döglik	[/V][Prs.NDef.3Sg]	8570080167	21538
tojik	[/V][Prs.NDef.3Sg]	8570080167	20901
nézelődik	[/V][Prs.NDef.3Sg]	8570080167	56891
iratkozik	[/V][Prs.NDef.3Sg]	8570080167	135875
sejlik	[/V][Prs.NDef.3Sg]	8570080167	8848
szóródik	[/V][Prs.NDef.3Sg]	8570080167	15400
tenyészik	[/V][Prs.NDef.3Sg]	8570080167	8988
ódzkodik	[/V][Prs.NDef.3Sg]	8570080167	17257
autózik	[/V][Prs.NDef.3Sg]	8570080167	53397
betegszik	[/V][Prs.NDef.3Sg]	8570080167	9223
öltözik	[/V][Prs.NDef.3Sg]	8570080167	113660
okoskodik	[/V][Prs.NDef.3Sg]	8570080167	23651
szikrázik	[/V][Prs.NDef.3Sg]	8570080167	11894
akarózik	[/V][Prs.NDef.3Sg]	8570080167	9063
verekszik	[/V][Prs.NDef.3Sg]	8570080167	32024
tagozódik	[/V][Prs.NDef.3Sg]	8570080167	7570
vonakodik	[/V][Prs.NDef.3Sg]	8570080167	22619
házasodik	[/V][Prs.NDef.3Sg]	8570080167	48749
vágyódik	[/V][Prs.NDef.3Sg]	8570080167	14271
datálódik	[/V][Prs.NDef.3Sg]	8570080167	4294
elegyedik	[/V][Prs.NDef.3Sg]	8570080167	21613
vetkezik	[/V][Prs.NDef.3Sg]	8570080167	11392
verődik	[/V][Prs.NDef.3Sg]	8570080167	17097
szokik	[/V][Prs.NDef.3Sg]	8570080167	1306902
ügyködik	[/V][Prs.NDef.3Sg]	8570080167	11226
kínlódik	[/V][Prs.NDef.3Sg]	8570080167	23589
vetemedik	[/V][Prs.NDef.3Sg]	8570080167	15187
baszik	[/V][Prs.NDef.3Sg]	8570080167	37569
habozik	[/V][Prs.NDef.3Sg]	8570080167	56137
böngészik	[/V][Prs.NDef.3Sg]	8570080167	9773
kérkedik	[/V][Prs.NDef.3Sg]	8570080167	10714
hallik	[/V][Prs.NDef.3Sg]	8570080167	3447
lábadozik	[/V][Prs.NDef.3Sg]	8570080167	7640
aránylik	[/V][Prs.NDef.3Sg]	8570080167	4146
lobbizik	[/V][Prs.NDef.3Sg]	8570080167	17334
horgászik	[/V][Prs.NDef.3Sg]	8570080167	54507
viaskodik	[/V][Prs.NDef.3Sg]	8570080167	10940
tekeredik	[/V][Prs.NDef.3Sg]	8570080167	8524
osztódik	[/V][Prs.NDef.3Sg]	8570080167	9844
tobzódik	[/V][Prs.NDef.3Sg]	8570080167	11742
rejtezik	[/V][Prs.NDef.3Sg]	8570080167	4572
hadakozik	[/V][Prs.NDef.3Sg]	8570080167	14604
cikázik	[/V][Prs.NDef.3Sg]	8570080167	17022
özönlik	[/V][Prs.NDef.3Sg]	8570080167	18470
hajózik	[/V][Prs.NDef.3Sg]	8570080167	33540
ólálkodik	[/V][Prs.NDef.3Sg]	8570080167	6185
tengődik	[/V][Prs.NDef.3Sg]	8570080167	10351
ékelődik	[/V][Prs.NDef.3Sg]	8570080167	7970
élősködik	[/V][Prs.NDef.3Sg]	8570080167	9346
hámlik	[/V][Prs.NDef.3Sg]	8570080167	4793
hazudozik	[/V][Prs.NDef.3Sg]	8570080167	13233
illatozik	[/V][Prs.NDef.3Sg]	8570080167	2778
tűnődik	[/V][Prs.NDef.3Sg]	8570080167	27257
fuldoklik	[/V][Prs.NDef.3Sg]	8570080167	7240
könnyezik	[/V][Prs.NDef.3Sg]	8570080167	3047
csukódik	[/V][Prs.NDef.3Sg]	8570080167	5898
gyűrődik	[/V][Prs.NDef.3Sg]	8570080167	5974
csírázik	[/V][Prs.NDef.3Sg]	8570080167	6977
porzik	[/V][Prs.NDef.3Sg]	8570080167	4213
sértődik	[/V][Prs.NDef.3Sg]	8570080167	14545
áhítozik	[/V][Prs.NDef.3Sg]	8570080167	9214
rágódik	[/V][Prs.NDef.3Sg]	8570080167	21316
motorozik	[/V][Prs.NDef.3Sg]	8570080167	29136
meghajlik	[/V][Prs.NDef.3Sg]	8570080167	7178
undorodik	[/V][Prs.NDef.3Sg]	8570080167	14293
rugózik	[/V][Prs.NDef.3Sg]	8570080167	7753
csatázik	[/V][Prs.NDef.3Sg]	8570080167	12946
iparkodik	[/V][Prs.NDef.3Sg]	8570080167	13706
kígyózik	[/V][Prs.NDef.3Sg]	8570080167	9592
bóklászik	[/V][Prs.NDef.3Sg]	8570080167	13080
ágyazódik	[/V][Prs.NDef.3Sg]	8570080167	6589
diétázik	[/V][Prs.NDef.3Sg]	8570080167	9816
őrlődik	[/V][Prs.NDef.3Sg]	8570080167	6626
jóllakik	[/V][Prs.NDef.3Sg]	8570080167	27189
díszlik	[/V][Prs.NDef.3Sg]	8570080167	4946
bizakodik	[/V][Prs.NDef.3Sg]	8570080167	30323
nyomódik	[/V][Prs.NDef.3Sg]	8570080167	5776
randizik	[/V][Prs.NDef.3Sg]	8570080167	20259
kenődik	[/V][Prs.NDef.3Sg]	8570080167	4832
tolakszik	[/V][Prs.NDef.3Sg]	8570080167	10114
nyújtózik	[/V][Prs.NDef.3Sg]	8570080167	10262
villámlik	[/V][Prs.NDef.3Sg]	8570080167	4477
vonaglik	[/V][Prs.NDef.3Sg]	8570080167	6602
mosódik	[/V][Prs.NDef.3Sg]	8570080167	5652
csuklik	[/V][Prs.NDef.3Sg]	8570080167	6520
mállik	[/V][Prs.NDef.3Sg]	8570080167	3720
fűlik	[/V][Prs.NDef.3Sg]	8570080167	3353
kávézik	[/V][Prs.NDef.3Sg]	8570080167	24144
búvik	[/V][Prs.NDef.3Sg]	8570080167	2269
esteledik	[/V][Prs.NDef.3Sg]	8570080167	5772
sikeredik	[/V][Prs.NDef.3Sg]	8570080167	71942
cigizik	[/V][Prs.NDef.3Sg]	8570080167	11452
rázkódik	[/V][Prs.NDef.3Sg]	8570080167	6310
alkudik	[/V][Prs.NDef.3Sg]	8570080167	17918
vetkőzik	[/V][Prs.NDef.3Sg]	8570080167	24148
pofázik	[/V][Prs.NDef.3Sg]	8570080167	8073
ékeskedik	[/V][Prs.NDef.3Sg]	8570080167	5504
nemesedik	[/V][Prs.NDef.3Sg]	8570080167	3366
világlik	[/V][Prs.NDef.3Sg]	8570080167	2545
túrázik	[/V][Prs.NDef.3Sg]	8570080167	49897
hibásodik	[/V][Prs.NDef.3Sg]	8570080167	6561
jógázik	[/V][Prs.NDef.3Sg]	8570080167	7512
szellőzik	[/V][Prs.NDef.3Sg]	8570080167	22012
fotózik	[/V][Prs.NDef.3Sg]	8570080167	141775
ténykedik	[/V][Prs.NDef.3Sg]	8570080167	7581
áradozik	[/V][Prs.NDef.3Sg]	8570080167	11351
bánkódik	[/V][Prs.NDef.3Sg]	8570080167	14891
adakozik	[/V][Prs.NDef.3Sg]	8570080167	17936
melegedik	[/V][Prs.NDef.3Sg]	8570080167	35425
tornázik	[/V][Prs.NDef.3Sg]	8570080167	32996
vívódik	[/V][Prs.NDef.3Sg]	8570080167	5972
fehérlik	[/V][Prs.NDef.3Sg]	8570080167	3574
kémkedik	[/V][Prs.NDef.3Sg]	8570080167	9300
káprázik	[/V][Prs.NDef.3Sg]	8570080167	7191
finomodik	[/V][Prs.NDef.3Sg]	8570080167	7558
dobálózik	[/V][Prs.NDef.3Sg]	8570080167	12200
kutakodik	[/V][Prs.NDef.3Sg]	8570080167	25692
hajtódik	[/V][Prs.NDef.3Sg]	8570080167	2782
melózik	[/V][Prs.NDef.3Sg]	8570080167	6036
gyötrődik	[/V][Prs.NDef.3Sg]	8570080167	7873
tétovázik	[/V][Prs.NDef.3Sg]	8570080167	2262
párolódik	[/V][Prs.NDef.3Sg]	8570080167	6253
ágaskodik	[/V][Prs.NDef.3Sg]	8570080167	5740
elhajlik	[/V][Prs.NDef.3Sg]	8570080167	5678
napozik	[/V][Prs.NDef.3Sg]	8570080167	24323
kotlik	[/V][Prs.NDef.3Sg]	8570080167	3286
kallódik	[/V][Prs.NDef.3Sg]	8570080167	5181
győződik	[/V][Prs.NDef.3Sg]	8570080167	138711
vágódik	[/V][Prs.NDef.3Sg]	8570080167	11694
bűnhődik	[/V][Prs.NDef.3Sg]	8570080167	9071
sakkozik	[/V][Prs.NDef.3Sg]	8570080167	14004
magaslik	[/V][Prs.NDef.3Sg]	8570080167	2375
alkudozik	[/V][Prs.NDef.3Sg]	8570080167	14494
idősödik	[/V][Prs.NDef.3Sg]	8570080167	4870
hintázik	[/V][Prs.NDef.3Sg]	8570080167	9317
ébredezik	[/V][Prs.NDef.3Sg]	8570080167	3598
torlódik	[/V][Prs.NDef.3Sg]	8570080167	6519
furikázik	[/V][Prs.NDef.3Sg]	8570080167	5701
háborúzik	[/V][Prs.NDef.3Sg]	8570080167	11765
parázslik	[/V][Prs.NDef.3Sg]	8570080167	2744
parádézik	[/V][Prs.NDef.3Sg]	8570080167	8833
fúródik	[/V][Prs.NDef.3Sg]	8570080167	8002
avasodik	[/V][Prs.NDef.3Sg]	8570080167	2094
halászik	[/V][Prs.NDef.3Sg]	8570080167	4588
vajúdik	[/V][Prs.NDef.3Sg]	8570080167	5934
döglődik	[/V][Prs.NDef.3Sg]	8570080167	2107
fehéredik	[/V][Prs.NDef.3Sg]	8570080167	3331
kiérződik	[/V][Prs.NDef.3Sg]	8570080167	1953
nyelődik	[/V][Prs.NDef.3Sg]	8570080167	1698
enyészik	[/V][Prs.NDef.3Sg]	8570080167	3553
sínylődik	[/V][Prs.NDef.3Sg]	8570080167	4915
táborozik	[/V][Prs.NDef.3Sg]	8570080167	19944
erősködik	[/V][Prs.NDef.3Sg]	8570080167	7991
borsódzik	[/V][Prs.NDef.3Sg]	8570080167	1850
háborodik	[/V][Prs.NDef.3Sg]	8570080167	17472
férkőzik	[/V][Prs.NDef.3Sg]	8570080167	18255
vakarózik	[/V][Prs.NDef.3Sg]	8570080167	3785
vizesedik	[/V][Prs.NDef.3Sg]	8570080167	3171
bíbelődik	[/V][Prs.NDef.3Sg]	8570080167	14337
örvénylik	[/V][Prs.NDef.3Sg]	8570080167	4181
bénázik	[/V][Prs.NDef.3Sg]	8570080167	8505
piroslik	[/V][Prs.NDef.3Sg]	8570080167	2621
porlik	[/V][Prs.NDef.3Sg]	8570080167	1648
merevedik	[/V][Prs.NDef.3Sg]	8570080167	5585
falatozik	[/V][Prs.NDef.3Sg]	8570080167	15786
kamuzik	[/V][Prs.NDef.3Sg]	8570080167	3933
kártyázik	[/V][Prs.NDef.3Sg]	8570080167	10854
túlórázik	[/V][Prs.NDef.3Sg]	8570080167	9066
parázik	[/V][Prs.NDef.3Sg]	8570080167	5077
pirosodik	[/V][Prs.NDef.3Sg]	8570080167	2743
óvakodik	[/V][Prs.NDef.3Sg]	8570080167	18248
párásodik	[/V][Prs.NDef.3Sg]	8570080167	2554
ölelkezik	[/V][Prs.NDef.3Sg]	8570080167	6267
ivódik	[/V][Prs.NDef.3Sg]	8570080167	7486
ellik	[/V][Prs.NDef.3Sg]	8570080167	172853
omladozik	[/V][Prs.NDef.3Sg]	8570080167	2673
állítódik	[/V][Prs.NDef.3Sg]	8570080167	1900
cikkezik	[/V][Prs.NDef.3Sg]	8570080167	1063
éleződik	[/V][Prs.NDef.3Sg]	8570080167	3239
vágtázik	[/V][Prs.NDef.3Sg]	8570080167	4820
poénkodik	[/V][Prs.NDef.3Sg]	8570080167	7916
tévézik	[/V][Prs.NDef.3Sg]	8570080167	14352
okosodik	[/V][Prs.NDef.3Sg]	8570080167	6651
morajlik	[/V][Prs.NDef.3Sg]	8570080167	2232
csajozik	[/V][Prs.NDef.3Sg]	8570080167	8156
hozakodik	[/V][Prs.NDef.3Sg]	8570080167	6156
takarózik	[/V][Prs.NDef.3Sg]	8570080167	3750
edződik	[/V][Prs.NDef.3Sg]	8570080167	7138
fogzik	[/V][Prs.NDef.3Sg]	8570080167	1239
kapálózik	[/V][Prs.NDef.3Sg]	8570080167	6110
zsidózik	[/V][Prs.NDef.3Sg]	8570080167	4452
mosakszik	[/V][Prs.NDef.3Sg]	8570080167	11483
rajzik	[/V][Prs.NDef.3Sg]	8570080167	5848
dudorodik	[/V][Prs.NDef.3Sg]	8570080167	1869
lázadozik	[/V][Prs.NDef.3Sg]	8570080167	5616
vedlik	[/V][Prs.NDef.3Sg]	8570080167	5893
esedezik	[/V][Prs.NDef.3Sg]	8570080167	9804
tömörödik	[/V][Prs.NDef.3Sg]	8570080167	2357
sörözik	[/V][Prs.NDef.3Sg]	8570080167	16041
bringázik	[/V][Prs.NDef.3Sg]	8570080167	17885
tanakodik	[/V][Prs.NDef.3Sg]	8570080167	16021
tépelődik	[/V][Prs.NDef.3Sg]	8570080167	5780
feketedik	[/V][Prs.NDef.3Sg]	8570080167	2075
élcelődik	[/V][Prs.NDef.3Sg]	8570080167	4503
epekedik	[/V][Prs.NDef.3Sg]	8570080167	5130
balhézik	[/V][Prs.NDef.3Sg]	8570080167	3340
laposodik	[/V][Prs.NDef.3Sg]	8570080167	2357
lehajlik	[/V][Prs.NDef.3Sg]	8570080167	1587
átsejlik	[/V][Prs.NDef.3Sg]	8570080167	1506
fingik	[/V][Prs.NDef.3Sg]	8570080167	4111
kosarazik	[/V][Prs.NDef.3Sg]	8570080167	7721
pótlódik	[/V][Prs.NDef.3Sg]	8570080167	1531
bicsaklik	[/V][Prs.NDef.3Sg]	8570080167	1642
nyáladzik	[/V][Prs.NDef.3Sg]	8570080167	2158
gyűrűzik	[/V][Prs.NDef.3Sg]	8570080167	850
vonatozik	[/V][Prs.NDef.3Sg]	8570080167	6608
vésődik	[/V][Prs.NDef.3Sg]	8570080167	5252
hányódik	[/V][Prs.NDef.3Sg]	8570080167	3101
párosodik	[/V][Prs.NDef.3Sg]	8570080167	4817
hívódik	[/V][Prs.NDef.3Sg]	8570080167	1260
súrlódik	[/V][Prs.NDef.3Sg]	8570080167	2226
fosik	[/V][Prs.NDef.3Sg]	8570080167	9133
cumizik	[/V][Prs.NDef.3Sg]	8570080167	1472
rakodik	[/V][Prs.NDef.3Sg]	8570080167	7911
halódik	[/V][Prs.NDef.3Sg]	8570080167	1397
vörösödik	[/V][Prs.NDef.3Sg]	8570080167	2652
szólózik	[/V][Prs.NDef.3Sg]	8570080167	1911
ordítozik	[/V][Prs.NDef.3Sg]	8570080167	7808
repedezik	[/V][Prs.NDef.3Sg]	8570080167	2432
ívik	[/V][Prs.NDef.3Sg]	8570080167	2496
züllik	[/V][Prs.NDef.3Sg]	8570080167	1993
sokasodik	[/V][Prs.NDef.3Sg]	8570080167	12473
szaglik	[/V][Prs.NDef.3Sg]	8570080167	1207
vesződik	[/V][Prs.NDef.3Sg]	8570080167	11312
nevelődik	[/V][Prs.NDef.3Sg]	8570080167	4747
villózik	[/V][Prs.NDef.3Sg]	8570080167	2663
anyázik	[/V][Prs.NDef.3Sg]	8570080167	3715
kiáltozik	[/V][Prs.NDef.3Sg]	8570080167	837
tajtékzik	[/V][Prs.NDef.3Sg]	8570080167	1903
bagózik	[/V][Prs.NDef.3Sg]	8570080167	2647
babázik	[/V][Prs.NDef.3Sg]	8570080167	5288
ütődik	[/V][Prs.NDef.3Sg]	8570080167	5543
büdösödik	[/V][Prs.NDef.3Sg]	8570080167	1381
ásítozik	[/V][Prs.NDef.3Sg]	8570080167	3555
tündöklik	[/V][Prs.NDef.3Sg]	8570080167	3078
másolódik	[/V][Prs.NDef.3Sg]	8570080167	1390
olvadozik	[/V][Prs.NDef.3Sg]	8570080167	3573
behajlik	[/V][Prs.NDef.3Sg]	8570080167	1189
bujdosik	[/V][Prs.NDef.3Sg]	8570080167	4942
húzódozik	[/V][Prs.NDef.3Sg]	8570080167	2929
labdázik	[/V][Prs.NDef.3Sg]	8570080167	7296
töredezik	[/V][Prs.NDef.3Sg]	8570080167	5353
pipázik	[/V][Prs.NDef.3Sg]	8570080167	3608
párzik	[/V][Prs.NDef.3Sg]	8570080167	2316
ügyesedik	[/V][Prs.NDef.3Sg]	8570080167	2539
fürdőzik	[/V][Prs.NDef.3Sg]	8570080167	2872
fújódik	[/V][Prs.NDef.3Sg]	8570080167	1344
zúgolódik	[/V][Prs.NDef.3Sg]	8570080167	6221
keseredik	[/V][Prs.NDef.3Sg]	8570080167	22200
lökődik	[/V][Prs.NDef.3Sg]	8570080167	1503
pattogzik	[/V][Prs.NDef.3Sg]	8570080167	1049
ülepszik	[/V][Prs.NDef.3Sg]	8570080167	5288
izmosodik	[/V][Prs.NDef.3Sg]	8570080167	4740
leáldozik	[/V][Prs.NDef.3Sg]	8570080167	6342
átkozódik	[/V][Prs.NDef.3Sg]	8570080167	3739
viharzik	[/V][Prs.NDef.3Sg]	8570080167	2411
futamodik	[/V][Prs.NDef.3Sg]	8570080167	3227
bőgőzik	[/V][Prs.NDef.3Sg]	8570080167	1398
kerekezik	[/V][Prs.NDef.3Sg]	8570080167	7868
borsózik	[/V][Prs.NDef.3Sg]	8570080167	1100
rádiózik	[/V][Prs.NDef.3Sg]	8570080167	5003
gátlódik	[/V][Prs.NDef.3Sg]	8570080167	818
zavarodik	[/V][Prs.NDef.3Sg]	8570080167	11253
nyűglődik	[/V][Prs.NDef.3Sg]	8570080167	2514
kéklik	[/V][Prs.NDef.3Sg]	8570080167	1449
mosdik	[/V][Prs.NDef.3Sg]	8570080167	3663
iramodik	[/V][Prs.NDef.3Sg]	8570080167	4404
haknizik	[/V][Prs.NDef.3Sg]	8570080167	1370
golfozik	[/V][Prs.NDef.3Sg]	8570080167	1249
sötétlik	[/V][Prs.NDef.3Sg]	8570080167	2115
gyülemlik	[/V][Prs.NDef.3Sg]	8570080167	2336
zsűrizik	[/V][Prs.NDef.3Sg]	8570080167	635
patakzik	[/V][Prs.NDef.3Sg]	8570080167	1795
üresedik	[/V][Prs.NDef.3Sg]	8570080167	2026
kavarodik	[/V][Prs.NDef.3Sg]	8570080167	2978
lopódzik	[/V][Prs.NDef.3Sg]	8570080167	2068
lopózik	[/V][Prs.NDef.3Sg]	8570080167	2918
gurigázik	[/V][Prs.NDef.3Sg]	8570080167	530
púposodik	[/V][Prs.NDef.3Sg]	8570080167	1726
bunyózik	[/V][Prs.NDef.3Sg]	8570080167	2127
öregedik	[/V][Prs.NDef.3Sg]	8570080167	15686
fékeződik	[/V][Prs.NDef.3Sg]	8570080167	1024
áskálódik	[/V][Prs.NDef.3Sg]	8570080167	1964
szarozik	[/V][Prs.NDef.3Sg]	8570080167	1439
sárgállik	[/V][Prs.NDef.3Sg]	8570080167	553
furakszik	[/V][Prs.NDef.3Sg]	8570080167	4959
kárhozik	[/V][Prs.NDef.3Sg]	8570080167	4546
misézik	[/V][Prs.NDef.3Sg]	8570080167	1955
sikítozik	[/V][Prs.NDef.3Sg]	8570080167	3535
sztorizik	[/V][Prs.NDef.3Sg]	8570080167	1497
sorjázik	[/V][Prs.NDef.3Sg]	8570080167	504
éledezik	[/V][Prs.NDef.3Sg]	8570080167	4011
portyázik	[/V][Prs.NDef.3Sg]	8570080167	489
hahotázik	[/V][Prs.NDef.3Sg]	8570080167	3528
tusakodik	[/V][Prs.NDef.3Sg]	8570080167	2786
rögződik	[/V][Prs.NDef.3Sg]	8570080167	2071
szörfözik	[/V][Prs.NDef.3Sg]	8570080167	461
tipródik	[/V][Prs.NDef.3Sg]	8570080167	3039
mókázik	[/V][Prs.NDef.3Sg]	8570080167	4444
hugyozik	[/V][Prs.NDef.3Sg]	8570080167	3653
adósodik	[/V][Prs.NDef.3Sg]	8570080167	5682
iramlik	[/V][Prs.NDef.3Sg]	8570080167	847
fölsejlik	[/V][Prs.NDef.3Sg]	8570080167	768
fogyózik	[/V][Prs.NDef.3Sg]	8570080167	1596
halálozik	[/V][Prs.NDef.3Sg]	8570080167	868
bimbózik	[/V][Prs.NDef.3Sg]	8570080167	814
pecázik	[/V][Prs.NDef.3Sg]	8570080167	5981
legózik	[/V][Prs.NDef.3Sg]	8570080167	2608
gürizik	[/V][Prs.NDef.3Sg]	8570080167	2101
kétkedik	[/V][Prs.NDef.3Sg]	8570080167	9459
sarjadzik	[/V][Prs.NDef.3Sg]	8570080167	867
aszalódik	[/V][Prs.NDef.3Sg]	8570080167	2207
buszozik	[/V][Prs.NDef.3Sg]	8570080167	4958
korosodik	[/V][Prs.NDef.3Sg]	8570080167	1301
mélázik	[/V][Prs.NDef.3Sg]	8570080167	4413
fuvolázik	[/V][Prs.NDef.3Sg]	8570080167	1280
elmélázik	[/V][Prs.NDef.3Sg]	8570080167	2827
bányászik	[/V][Prs.NDef.3Sg]	8570080167	16534
parolázik	[/V][Prs.NDef.3Sg]	8570080167	1316
tömődik	[/V][Prs.NDef.3Sg]	8570080167	2061
pácolódik	[/V][Prs.NDef.3Sg]	8570080167	1769
teázik	[/V][Prs.NDef.3Sg]	8570080167	7811
kontrázik	[/V][Prs.NDef.3Sg]	8570080167	411
karatézik	[/V][Prs.NDef.3Sg]	8570080167	2810
cicizik	[/V][Prs.NDef.3Sg]	8570080167	988
levegőzik	[/V][Prs.NDef.3Sg]	8570080167	5286
kérődzik	[/V][Prs.NDef.3Sg]	8570080167	1448
záporozik	[/V][Prs.NDef.3Sg]	8570080167	404
vásik	[/V][Prs.NDef.3Sg]	8570080167	1244
háramlik	[/V][Prs.NDef.3Sg]	8570080167	1006
kajakozik	[/V][Prs.NDef.3Sg]	8570080167	4622
packázik	[/V][Prs.NDef.3Sg]	8570080167	3038
vetítődik	[/V][Prs.NDef.3Sg]	8570080167	711
takarodik	[/V][Prs.NDef.3Sg]	8570080167	16356
tegeződik	[/V][Prs.NDef.3Sg]	8570080167	6254
ocsúdik	[/V][Prs.NDef.3Sg]	8570080167	4854
marakodik	[/V][Prs.NDef.3Sg]	8570080167	3621
ámuldozik	[/V][Prs.NDef.3Sg]	8570080167	3333
intéződik	[/V][Prs.NDef.3Sg]	8570080167	1032
divatozik	[/V][Prs.NDef.3Sg]	8570080167	1234
álmosodik	[/V][Prs.NDef.3Sg]	8570080167	1357
hallszik	[/V][Prs.NDef.3Sg]	8570080167	545
évődik	[/V][Prs.NDef.3Sg]	8570080167	2007
pukizik	[/V][Prs.NDef.3Sg]	8570080167	966
videózik	[/V][Prs.NDef.3Sg]	8570080167	13191
hegesedik	[/V][Prs.NDef.3Sg]	8570080167	859
kacsázik	[/V][Prs.NDef.3Sg]	8570080167	1002
rügyezik	[/V][Prs.NDef.3Sg]	8570080167	1661
bakizik	[/V][Prs.NDef.3Sg]	8570080167	1995
szánkázik	[/V][Prs.NDef.3Sg]	8570080167	1233
pókerezik	[/V][Prs.NDef.3Sg]	8570080167	1354
lottózik	[/V][Prs.NDef.3Sg]	8570080167	2828
rogyik	[/V][Prs.NDef.3Sg]	8570080167	341
kuporodik	[/V][Prs.NDef.3Sg]	8570080167	3941
vöröslik	[/V][Prs.NDef.3Sg]	8570080167	1594
rázódik	[/V][Prs.NDef.3Sg]	8570080167	3960
szaunázik	[/V][Prs.NDef.3Sg]	8570080167	2396
sereglik	[/V][Prs.NDef.3Sg]	8570080167	4735
csellózik	[/V][Prs.NDef.3Sg]	8570080167	919
ivarzik	[/V][Prs.NDef.3Sg]	8570080167	652
fúvódik	[/V][Prs.NDef.3Sg]	8570080167	746
hűvösödik	[/V][Prs.NDef.3Sg]	8570080167	721
mulatozik	[/V][Prs.NDef.3Sg]	8570080167	3429
bőrösödik	[/V][Prs.NDef.3Sg]	8570080167	923
jegesedik	[/V][Prs.NDef.3Sg]	8570080167	814
zúzódik	[/V][Prs.NDef.3Sg]	8570080167	1418
hiányozik	[/V][Prs.NDef.3Sg]	8570080167	58910
kihajlik	[/V][Prs.NDef.3Sg]	8570080167	720
honosodik	[/V][Prs.NDef.3Sg]	8570080167	7111
alázkodik	[/V][Prs.NDef.3Sg]	8570080167	1842
okádik	[/V][Prs.NDef.3Sg]	8570080167	933
üzérkedik	[/V][Prs.NDef.3Sg]	8570080167	667
pedálozik	[/V][Prs.NDef.3Sg]	8570080167	2131
hatódik	[/V][Prs.NDef.3Sg]	8570080167	3690
alibizik	[/V][Prs.NDef.3Sg]	8570080167	1099
tempózik	[/V][Prs.NDef.3Sg]	8570080167	2816
hősködik	[/V][Prs.NDef.3Sg]	8570080167	1727
egyedik	[/V][Prs.NDef.3Sg]	8570080167	338
gályázik	[/V][Prs.NDef.3Sg]	8570080167	972
fejlik	[/V][Prs.NDef.3Sg]	8570080167	2183
hajnallik	[/V][Prs.NDef.3Sg]	8570080167	359
lármázik	[/V][Prs.NDef.3Sg]	8570080167	2298
cicázik	[/V][Prs.NDef.3Sg]	8570080167	981
nótázik	[/V][Prs.NDef.3Sg]	8570080167	1085
büfizik	[/V][Prs.NDef.3Sg]	8570080167	1700
malmozik	[/V][Prs.NDef.3Sg]	8570080167	969
szabódik	[/V][Prs.NDef.3Sg]	8570080167	925
hajókázik	[/V][Prs.NDef.3Sg]	8570080167	4918
művelődik	[/V][Prs.NDef.3Sg]	8570080167	4170
puskázik	[/V][Prs.NDef.3Sg]	8570080167	4497
hánykódik	[/V][Prs.NDef.3Sg]	8570080167	1146
ráhajlik	[/V][Prs.NDef.3Sg]	8570080167	361
hajrázik	[/V][Prs.NDef.3Sg]	8570080167	2462
homokozik	[/V][Prs.NDef.3Sg]	8570080167	2536
kockázik	[/V][Prs.NDef.3Sg]	8570080167	31690
józanodik	[/V][Prs.NDef.3Sg]	8570080167	1799
jojózik	[/V][Prs.NDef.3Sg]	8570080167	552
itatódik	[/V][Prs.NDef.3Sg]	8570080167	587
citerázik	[/V][Prs.NDef.3Sg]	8570080167	1464
ejtőzik	[/V][Prs.NDef.3Sg]	8570080167	1123
sebesedik	[/V][Prs.NDef.3Sg]	8570080167	680
nyilallik	[/V][Prs.NDef.3Sg]	8570080167	232
íratik	[/V][Prs.NDef.3Sg]	8570080167	29583
tülekszik	[/V][Prs.NDef.3Sg]	8570080167	3917
sápítozik	[/V][Prs.NDef.3Sg]	8570080167	1286
mutyizik	[/V][Prs.NDef.3Sg]	8570080167	1087
szánkózik	[/V][Prs.NDef.3Sg]	8570080167	5609
cicózik	[/V][Prs.NDef.3Sg]	8570080167	756
hokizik	[/V][Prs.NDef.3Sg]	8570080167	1800
karikázik	[/V][Prs.NDef.3Sg]	8570080167	3124
repetázik	[/V][Prs.NDef.3Sg]	8570080167	1461
fenekedik	[/V][Prs.NDef.3Sg]	8570080167	876
gyónik	[/V][Prs.NDef.3Sg]	8570080167	261
nedvedzik	[/V][Prs.NDef.3Sg]	8570080167	381
bicajozik	[/V][Prs.NDef.3Sg]	8570080167	3866
lelkizik	[/V][Prs.NDef.3Sg]	8570080167	1747
autókázik	[/V][Prs.NDef.3Sg]	8570080167	2943
pállik	[/V][Prs.NDef.3Sg]	8570080167	230
nyitódik	[/V][Prs.NDef.3Sg]	8570080167	642
visítozik	[/V][Prs.NDef.3Sg]	8570080167	1924
fagyizik	[/V][Prs.NDef.3Sg]	8570080167	6324
bratyizik	[/V][Prs.NDef.3Sg]	8570080167	792
szaltózik	[/V][Prs.NDef.3Sg]	8570080167	203
kókadozik	[/V][Prs.NDef.3Sg]	8570080167	1303
bűnözik	[/V][Prs.NDef.3Sg]	8570080167	5915
nyaklik	[/V][Prs.NDef.3Sg]	8570080167	310
tarkállik	[/V][Prs.NDef.3Sg]	8570080167	639
esküdözik	[/V][Prs.NDef.3Sg]	8570080167	2908
kucorodik	[/V][Prs.NDef.3Sg]	8570080167	1517
festődik	[/V][Prs.NDef.3Sg]	8570080167	541
sátorozik	[/V][Prs.NDef.3Sg]	8570080167	191
civakodik	[/V][Prs.NDef.3Sg]	8570080167	2972
trillázik	[/V][Prs.NDef.3Sg]	8570080167	569
utálkozik	[/V][Prs.NDef.3Sg]	8570080167	2391
tudódik	[/V][Prs.NDef.3Sg]	8570080167	1403
súlyzózik	[/V][Prs.NDef.3Sg]	8570080167	1359
korzózik	[/V][Prs.NDef.3Sg]	8570080167	1595
ripakodik	[/V][Prs.NDef.3Sg]	8570080167	1271
habarodik	[/V][Prs.NDef.3Sg]	8570080167	1327
italozik	[/V][Prs.NDef.3Sg]	8570080167	3410
ájuldozik	[/V][Prs.NDef.3Sg]	8570080167	1360
ökörködik	[/V][Prs.NDef.3Sg]	8570080167	1755
aszik	[/V][Prs.NDef.3Sg]	8570080167	5633
szívózik	[/V][Prs.NDef.3Sg]	8570080167	624
tőzsdézik	[/V][Prs.NDef.3Sg]	8570080167	548
bokázik	[/V][Prs.NDef.3Sg]	8570080167	426
kondizik	[/V][Prs.NDef.3Sg]	8570080167	1116
mozizik	[/V][Prs.NDef.3Sg]	8570080167	2159
lúdbőrzik	[/V][Prs.NDef.3Sg]	8570080167	416
borozik	[/V][Prs.NDef.3Sg]	8570080167	172
feslik	[/V][Prs.NDef.3Sg]	8570080167	1427
hárfázik	[/V][Prs.NDef.3Sg]	8570080167	673
hüledezik	[/V][Prs.NDef.3Sg]	8570080167	4646
heveredik	[/V][Prs.NDef.3Sg]	8570080167	2283
razziázik	[/V][Prs.NDef.3Sg]	8570080167	1316
bántódik	[/V][Prs.NDef.3Sg]	8570080167	1216
cipekedik	[/V][Prs.NDef.3Sg]	8570080167	4233
szüremlik	[/V][Prs.NDef.3Sg]	8570080167	610
pólózik	[/V][Prs.NDef.3Sg]	8570080167	842
jelölődik	[/V][Prs.NDef.3Sg]	8570080167	347
kocsmázik	[/V][Prs.NDef.3Sg]	8570080167	740
erősbödik	[/V][Prs.NDef.3Sg]	8570080167	584
fogamzik	[/V][Prs.NDef.3Sg]	8570080167	626
tornászik	[/V][Prs.NDef.3Sg]	8570080167	6772
filmezik	[/V][Prs.NDef.3Sg]	8570080167	4060
gyürkőzik	[/V][Prs.NDef.3Sg]	8570080167	975
szúródik	[/V][Prs.NDef.3Sg]	8570080167	475
deresedik	[/V][Prs.NDef.3Sg]	8570080167	388
kócolódik	[/V][Prs.NDef.3Sg]	8570080167	355
ködlik	[/V][Prs.NDef.3Sg]	8570080167	499
nőzik	[/V][Prs.NDef.3Sg]	8570080167	250
pitizik	[/V][Prs.NDef.3Sg]	8570080167	757
dulakodik	[/V][Prs.NDef.3Sg]	8570080167	3982
töpörödik	[/V][Prs.NDef.3Sg]	8570080167	909
egerészik	[/V][Prs.NDef.3Sg]	8570080167	733
lakomázik	[/V][Prs.NDef.3Sg]	8570080167	1203
totojázik	[/V][Prs.NDef.3Sg]	8570080167	825
komorodik	[/V][Prs.NDef.3Sg]	8570080167	605
népesedik	[/V][Prs.NDef.3Sg]	8570080167	923
betlizik	[/V][Prs.NDef.3Sg]	8570080167	1535
bátorodik	[/V][Prs.NDef.3Sg]	8570080167	1398
huzakodik	[/V][Prs.NDef.3Sg]	8570080167	1262
virágozik	[/V][Prs.NDef.3Sg]	8570080167	214
bucskázik	[/V][Prs.NDef.3Sg]	8570080167	706
dekázik	[/V][Prs.NDef.3Sg]	8570080167	949
fiadzik	[/V][Prs.NDef.3Sg]	8570080167	476
nyalizik	[/V][Prs.NDef.3Sg]	8570080167	625
fogózik	[/V][Prs.NDef.3Sg]	8570080167	1173
tangózik	[/V][Prs.NDef.3Sg]	8570080167	1190
kutyázik	[/V][Prs.NDef.3Sg]	8570080167	722
hasonlik	[/V][Prs.NDef.3Sg]	8570080167	2084
pezsgőzik	[/V][Prs.NDef.3Sg]	8570080167	655
pihizik	[/V][Prs.NDef.3Sg]	8570080167	994
szolizik	[/V][Prs.NDef.3Sg]	8570080167	696
kamerázik	[/V][Prs.NDef.3Sg]	8570080167	3140
üzekedik	[/V][Prs.NDef.3Sg]	8570080167	659
kocsizik	[/V][Prs.NDef.3Sg]	8570080167	647
rókázik	[/V][Prs.NDef.3Sg]	8570080167	597
sárlik	[/V][Prs.NDef.3Sg]	8570080167	262
tépődik	[/V][Prs.NDef.3Sg]	8570080167	410
elporzik	[/V][Prs.NDef.3Sg]	8570080167	369
lázasodik	[/V][Prs.NDef.3Sg]	8570080167	964
robajlik	[/V][Prs.NDef.3Sg]	8570080167	224
megellik	[/V][Prs.NDef.3Sg]	8570080167	723
skálázik	[/V][Prs.NDef.3Sg]	8570080167	943
dagadozik	[/V][Prs.NDef.3Sg]	8570080167	397
civódik	[/V][Prs.NDef.3Sg]	8570080167	735
csetlik	[/V][Prs.NDef.3Sg]	8570080167	386
brácsázik	[/V][Prs.NDef.3Sg]	8570080167	281
őrizkedik	[/V][Prs.NDef.3Sg]	8570080167	2033
magázódik	[/V][Prs.NDef.3Sg]	8570080167	1546
gecizik	[/V][Prs.NDef.3Sg]	8570080167	466
ficamodik	[/V][Prs.NDef.3Sg]	8570080167	572
harapózik	[/V][Prs.NDef.3Sg]	8570080167	1047
betegedik	[/V][Prs.NDef.3Sg]	8570080167	13663
düledezik	[/V][Prs.NDef.3Sg]	8570080167	758
petézik	[/V][Prs.NDef.3Sg]	8570080167	506
szobrozik	[/V][Prs.NDef.3Sg]	8570080167	1224
potyázik	[/V][Prs.NDef.3Sg]	8570080167	375
dohosodik	[/V][Prs.NDef.3Sg]	8570080167	339
dzsúdózik	[/V][Prs.NDef.3Sg]	8570080167	530
gombászik	[/V][Prs.NDef.3Sg]	8570080167	1638
gyámkodik	[/V][Prs.NDef.3Sg]	8570080167	461
levedzik	[/V][Prs.NDef.3Sg]	8570080167	191
öblösödik	[/V][Prs.NDef.3Sg]	8570080167	214
gazosodik	[/V][Prs.NDef.3Sg]	8570080167	253
kotródik	[/V][Prs.NDef.3Sg]	8570080167	1221
magzik	[/V][Prs.NDef.3Sg]	8570080167	187
riadozik	[/V][Prs.NDef.3Sg]	8570080167	733
fusizik	[/V][Prs.NDef.3Sg]	8570080167	242
gyúródik	[/V][Prs.NDef.3Sg]	8570080167	339
csámpázik	[/V][Prs.NDef.3Sg]	8570080167	225
piacozik	[/V][Prs.NDef.3Sg]	8570080167	609
szundizik	[/V][Prs.NDef.3Sg]	8570080167	399
kásásodik	[/V][Prs.NDef.3Sg]	8570080167	200
sipítozik	[/V][Prs.NDef.3Sg]	8570080167	625
figurázik	[/V][Prs.NDef.3Sg]	8570080167	91
bálozik	[/V][Prs.NDef.3Sg]	8570080167	951
eléugrik	[/V][Prs.NDef.3Sg]	8570080167	170
párállik	[/V][Prs.NDef.3Sg]	8570080167	226
majrézik	[/V][Prs.NDef.3Sg]	8570080167	273
korizik	[/V][Prs.NDef.3Sg]	8570080167	2844
kölykezik	[/V][Prs.NDef.3Sg]	8570080167	454
hantázik	[/V][Prs.NDef.3Sg]	8570080167	220
kövesedik	[/V][Prs.NDef.3Sg]	8570080167	641
rizsázik	[/V][Prs.NDef.3Sg]	8570080167	344
cidrizik	[/V][Prs.NDef.3Sg]	8570080167	413
bimbódzik	[/V][Prs.NDef.3Sg]	8570080167	111
ultizik	[/V][Prs.NDef.3Sg]	8570080167	1092
édesedik	[/V][Prs.NDef.3Sg]	8570080167	258
panamázik	[/V][Prs.NDef.3Sg]	8570080167	127
adomázik	[/V][Prs.NDef.3Sg]	8570080167	291
aljasodik	[/V][Prs.NDef.3Sg]	8570080167	367
vigadozik	[/V][Prs.NDef.3Sg]	8570080167	1583
csövezik	[/V][Prs.NDef.3Sg]	8570080167	480
maradozik	[/V][Prs.NDef.3Sg]	8570080167	687
narkózik	[/V][Prs.NDef.3Sg]	8570080167	236
rögbizik	[/V][Prs.NDef.3Sg]	8570080167	471
borjadzik	[/V][Prs.NDef.3Sg]	8570080167	132
borjazik	[/V][Prs.NDef.3Sg]	8570080167	86
epedezik	[/V][Prs.NDef.3Sg]	8570080167	163
hólyagzik	[/V][Prs.NDef.3Sg]	8570080167	94
dühödik	[/V][Prs.NDef.3Sg]	8570080167	804
kenuzik	[/V][Prs.NDef.3Sg]	8570080167	2172
redőződik	[/V][Prs.NDef.3Sg]	8570080167	114
bagzik	[/V][Prs.NDef.3Sg]	8570080167	242
hasadozik	[/V][Prs.NDef.3Sg]	8570080167	443
pásztázik	[/V][Prs.NDef.3Sg]	8570080167	1268
lerogyik	[/V][Prs.NDef.3Sg]	8570080167	62
rizikózik	[/V][Prs.NDef.3Sg]	8570080167	660
kékellik	[/V][Prs.NDef.3Sg]	8570080167	139
sízik	[/V][Prs.NDef.3Sg]	8570080167	315
bedilizik	[/V][Prs.NDef.3Sg]	8570080167	638
golyózik	[/V][Prs.NDef.3Sg]	8570080167	1279
kövéredik	[/V][Prs.NDef.3Sg]	8570080167	162
dumcsizik	[/V][Prs.NDef.3Sg]	8570080167	2150
homálylik	[/V][Prs.NDef.3Sg]	8570080167	112
bodorodik	[/V][Prs.NDef.3Sg]	8570080167	181
nőiesedik	[/V][Prs.NDef.3Sg]	8570080167	477
bogozódik	[/V][Prs.NDef.3Sg]	8570080167	170
gubózik	[/V][Prs.NDef.3Sg]	8570080167	273
inaskodik	[/V][Prs.NDef.3Sg]	8570080167	668
zónázik	[/V][Prs.NDef.3Sg]	8570080167	514
kettőzik	[/V][Prs.NDef.3Sg]	8570080167	327
hapcizik	[/V][Prs.NDef.3Sg]	8570080167	222
tallózik	[/V][Prs.NDef.3Sg]	8570080167	1926
tekerőzik	[/V][Prs.NDef.3Sg]	8570080167	218
óhajtozik	[/V][Prs.NDef.3Sg]	8570080167	144
ijedezik	[/V][Prs.NDef.3Sg]	8570080167	1072
ízesedik	[/V][Prs.NDef.3Sg]	8570080167	77
rugódozik	[/V][Prs.NDef.3Sg]	8570080167	121
feketézik	[/V][Prs.NDef.3Sg]	8570080167	660
hasasodik	[/V][Prs.NDef.3Sg]	8570080167	108
kupálódik	[/V][Prs.NDef.3Sg]	8570080167	393
varasodik	[/V][Prs.NDef.3Sg]	8570080167	176
anyagozik	[/V][Prs.NDef.3Sg]	8570080167	294
illetődik	[/V][Prs.NDef.3Sg]	8570080167	1961
pendlizik	[/V][Prs.NDef.3Sg]	8570080167	241
rákosodik	[/V][Prs.NDef.3Sg]	8570080167	281
cihelődik	[/V][Prs.NDef.3Sg]	8570080167	461
spurizik	[/V][Prs.NDef.3Sg]	8570080167	304
hidegedik	[/V][Prs.NDef.3Sg]	8570080167	155
tökölődik	[/V][Prs.NDef.3Sg]	8570080167	421
veszkődik	[/V][Prs.NDef.3Sg]	8570080167	353
evődik	[/V][Prs.NDef.3Sg]	8570080167	90
idegződik	[/V][Prs.NDef.3Sg]	8570080167	216
komázik	[/V][Prs.NDef.3Sg]	8570080167	202
dáridózik	[/V][Prs.NDef.3Sg]	8570080167	229
gatyázik	[/V][Prs.NDef.3Sg]	8570080167	267
javítódik	[/V][Prs.NDef.3Sg]	8570080167	82
próbázik	[/V][Prs.NDef.3Sg]	8570080167	175
sápadozik	[/V][Prs.NDef.3Sg]	8570080167	355
barnállik	[/V][Prs.NDef.3Sg]	8570080167	54
fojtódik	[/V][Prs.NDef.3Sg]	8570080167	106
légzik	[/V][Prs.NDef.3Sg]	8570080167	44
piázik	[/V][Prs.NDef.3Sg]	8570080167	214
tüzesedik	[/V][Prs.NDef.3Sg]	8570080167	236
fajzik	[/V][Prs.NDef.3Sg]	8570080167	170
poharazik	[/V][Prs.NDef.3Sg]	8570080167	365
révedezik	[/V][Prs.NDef.3Sg]	8570080167	41
tudakozik	[/V][Prs.NDef.3Sg]	8570080167	468
dominózik	[/V][Prs.NDef.3Sg]	8570080167	213
toszik	[/V][Prs.NDef.3Sg]	8570080167	1131
zsugázik	[/V][Prs.NDef.3Sg]	8570080167	173
gennyezik	[/V][Prs.NDef.3Sg]	8570080167	55
nyálazik	[/V][Prs.NDef.3Sg]	8570080167	286
tünedezik	[/V][Prs.NDef.3Sg]	8570080167	1133
arénázik	[/V][Prs.NDef.3Sg]	8570080167	132
éjjeledik	[/V][Prs.NDef.3Sg]	8570080167	49
andalodik	[/V][Prs.NDef.3Sg]	8570080167	304
bundázik	[/V][Prs.NDef.3Sg]	8570080167	601
raplizik	[/V][Prs.NDef.3Sg]	8570080167	87
tekézik	[/V][Prs.NDef.3Sg]	8570080167	175
uraskodik	[/V][Prs.NDef.3Sg]	8570080167	211
aláhajlik	[/V][Prs.NDef.3Sg]	8570080167	55
kettedik	[/V][Prs.NDef.3Sg]	8570080167	59
fosztódik	[/V][Prs.NDef.3Sg]	8570080167	75
gubódzik	[/V][Prs.NDef.3Sg]	8570080167	47
hallózik	[/V][Prs.NDef.3Sg]	8570080167	163
lúgozódik	[/V][Prs.NDef.3Sg]	8570080167	108
oázik	[/V][Prs.NDef.3Sg]	8570080167	42
darálódik	[/V][Prs.NDef.3Sg]	8570080167	106
hurrázik	[/V][Prs.NDef.3Sg]	8570080167	162
iázik	[/V][Prs.NDef.3Sg]	8570080167	93
totózik	[/V][Prs.NDef.3Sg]	8570080167	422
türemlik	[/V][Prs.NDef.3Sg]	8570080167	89
húsosodik	[/V][Prs.NDef.3Sg]	8570080167	60
jódlizik	[/V][Prs.NDef.3Sg]	8570080167	287
vérengzik	[/V][Prs.NDef.3Sg]	8570080167	214
vereslik	[/V][Prs.NDef.3Sg]	8570080167	97
évelődik	[/V][Prs.NDef.3Sg]	8570080167	200
sározódik	[/V][Prs.NDef.3Sg]	8570080167	179
öregbedik	[/V][Prs.NDef.3Sg]	8570080167	117
berogyik	[/V][Prs.NDef.3Sg]	8570080167	116
kunyizik	[/V][Prs.NDef.3Sg]	8570080167	393
tokozódik	[/V][Prs.NDef.3Sg]	8570080167	81
vidámodik	[/V][Prs.NDef.3Sg]	8570080167	151
bumlizik	[/V][Prs.NDef.3Sg]	8570080167	381
szólamlik	[/V][Prs.NDef.3Sg]	8570080167	143
tokosodik	[/V][Prs.NDef.3Sg]	8570080167	156
gombázik	[/V][Prs.NDef.3Sg]	8570080167	554
tusázik	[/V][Prs.NDef.3Sg]	8570080167	24
lassúdik	[/V][Prs.NDef.3Sg]	8570080167	81
smacizik	[/V][Prs.NDef.3Sg]	8570080167	168
újhodik	[/V][Prs.NDef.3Sg]	8570080167	81
csokizik	[/V][Prs.NDef.3Sg]	8570080167	328
fogódik	[/V][Prs.NDef.3Sg]	8570080167	93
kulizik	[/V][Prs.NDef.3Sg]	8570080167	75
kéredzik	[/V][Prs.NDef.3Sg]	8570080167	152
simlizik	[/V][Prs.NDef.3Sg]	8570080167	107
áporodik	[/V][Prs.NDef.3Sg]	8570080167	40
csalizik	[/V][Prs.NDef.3Sg]	8570080167	1630
dobálódik	[/V][Prs.NDef.3Sg]	8570080167	163
hamizik	[/V][Prs.NDef.3Sg]	8570080167	60
hájasodik	[/V][Prs.NDef.3Sg]	8570080167	91
púzik	[/V][Prs.NDef.3Sg]	8570080167	47
danászik	[/V][Prs.NDef.3Sg]	8570080167	181
kagylózik	[/V][Prs.NDef.3Sg]	8570080167	96
odázódik	[/V][Prs.NDef.3Sg]	8570080167	50
őnekik	[/V][Prs.NDef.3Sg]	8570080167	30
csigázik	[/V][Prs.NDef.3Sg]	8570080167	63
morzsázik	[/V][Prs.NDef.3Sg]	8570080167	124
sugározik	[/V][Prs.NDef.3Sg]	8570080167	260
tanúzik	[/V][Prs.NDef.3Sg]	8570080167	63
turházik	[/V][Prs.NDef.3Sg]	8570080167	45
ittasodik	[/V][Prs.NDef.3Sg]	8570080167	160
morzézik	[/V][Prs.NDef.3Sg]	8570080167	103
kuglizik	[/V][Prs.NDef.3Sg]	8570080167	312
szipózik	[/V][Prs.NDef.3Sg]	8570080167	52
szögellik	[/V][Prs.NDef.3Sg]	8570080167	109
csömörlik	[/V][Prs.NDef.3Sg]	8570080167	539
fókázik	[/V][Prs.NDef.3Sg]	8570080167	48
gyűrűdzik	[/V][Prs.NDef.3Sg]	8570080167	30
hűtőzik	[/V][Prs.NDef.3Sg]	8570080167	88
rugódik	[/V][Prs.NDef.3Sg]	8570080167	40
römizik	[/V][Prs.NDef.3Sg]	8570080167	132
blablázik	[/V][Prs.NDef.3Sg]	8570080167	50
cangázik	[/V][Prs.NDef.3Sg]	8570080167	163
hamukázik	[/V][Prs.NDef.3Sg]	8570080167	71
lélegezik	[/V][Prs.NDef.3Sg]	8570080167	54
dilizik	[/V][Prs.NDef.3Sg]	8570080167	269
hámozódik	[/V][Prs.NDef.3Sg]	8570080167	33
ifjodik	[/V][Prs.NDef.3Sg]	8570080167	54
buktázik	[/V][Prs.NDef.3Sg]	8570080167	108
cuclizik	[/V][Prs.NDef.3Sg]	8570080167	42
győzködik	[/V][Prs.NDef.3Sg]	8570080167	210
kitűrődik	[/V][Prs.NDef.3Sg]	8570080167	27
odvasodik	[/V][Prs.NDef.3Sg]	8570080167	45
édeskedik	[/V][Prs.NDef.3Sg]	8570080167	69
émelyedik	[/V][Prs.NDef.3Sg]	8570080167	43
aszpik	[/V][Prs.NDef.3Sg]	8570080167	1292
flótázik	[/V][Prs.NDef.3Sg]	8570080167	77
kenekedik	[/V][Prs.NDef.3Sg]	8570080167	141
nyúzódik	[/V][Prs.NDef.3Sg]	8570080167	26
hajhászik	[/V][Prs.NDef.3Sg]	8570080167	821
mailezik	[/V][Prs.NDef.3Sg]	8570080167	95
pikulázik	[/V][Prs.NDef.3Sg]	8570080167	20
túrosodik	[/V][Prs.NDef.3Sg]	8570080167	13
vérezik	[/V][Prs.NDef.3Sg]	8570080167	153
ömledezik	[/V][Prs.NDef.3Sg]	8570080167	68
dámázik	[/V][Prs.NDef.3Sg]	8570080167	38
kúrázik	[/V][Prs.NDef.3Sg]	8570080167	94
szülemlik	[/V][Prs.NDef.3Sg]	8570080167	104
öklelőzik	[/V][Prs.NDef.3Sg]	8570080167	51
bukdosik	[/V][Prs.NDef.3Sg]	8570080167	98
epéskedik	[/V][Prs.NDef.3Sg]	8570080167	66
lóbálózik	[/V][Prs.NDef.3Sg]	8570080167	70
nyulászik	[/V][Prs.NDef.3Sg]	8570080167	200
nőszik	[/V][Prs.NDef.3Sg]	8570080167	77
snóblizik	[/V][Prs.NDef.3Sg]	8570080167	61
sokadozik	[/V][Prs.NDef.3Sg]	8570080167	22
tintázik	[/V][Prs.NDef.3Sg]	8570080167	98
toronylik	[/V][Prs.NDef.3Sg]	8570080167	12
vénhedik	[/V][Prs.NDef.3Sg]	8570080167	116
érik	[/V][Prs.NDef.3Sg]	8570080167	32724
dikciózik	[/V][Prs.NDef.3Sg]	8570080167	19
feslődik	[/V][Prs.NDef.3Sg]	8570080167	30
fölösödik	[/V][Prs.NDef.3Sg]	8570080167	12
lasszózik	[/V][Prs.NDef.3Sg]	8570080167	71
lelkedzik	[/V][Prs.NDef.3Sg]	8570080167	83
pletyózik	[/V][Prs.NDef.3Sg]	8570080167	29
telcsizik	[/V][Prs.NDef.3Sg]	8570080167	69
ágadzik	[/V][Prs.NDef.3Sg]	8570080167	9
ölődik	[/V][Prs.NDef.3Sg]	8570080167	10
csikózik	[/V][Prs.NDef.3Sg]	8570080167	41
csőrözik	[/V][Prs.NDef.3Sg]	8570080167	48
darázik	[/V][Prs.NDef.3Sg]	8570080167	11
ebédezik	[/V][Prs.NDef.3Sg]	8570080167	54
egykézik	[/V][Prs.NDef.3Sg]	8570080167	61
jachtozik	[/V][Prs.NDef.3Sg]	8570080167	21
lírázik	[/V][Prs.NDef.3Sg]	8570080167	16
murizik	[/V][Prs.NDef.3Sg]	8570080167	40
valutázik	[/V][Prs.NDef.3Sg]	8570080167	43
vasutazik	[/V][Prs.NDef.3Sg]	8570080167	163
batyuzik	[/V][Prs.NDef.3Sg]	8570080167	48
bogadzik	[/V][Prs.NDef.3Sg]	8570080167	5
csurizik	[/V][Prs.NDef.3Sg]	8570080167	19
csökik	[/V][Prs.NDef.3Sg]	8570080167	555
gombozik	[/V][Prs.NDef.3Sg]	8570080167	70
magozik	[/V][Prs.NDef.3Sg]	8570080167	1857
paklizik	[/V][Prs.NDef.3Sg]	8570080167	13
papizik	[/V][Prs.NDef.3Sg]	8570080167	11
polkázik	[/V][Prs.NDef.3Sg]	8570080167	63
skubizik	[/V][Prs.NDef.3Sg]	8570080167	5
zászlaik	[/V][Prs.NDef.3Sg]	8570080167	66
ágasodik	[/V][Prs.NDef.3Sg]	8570080167	17
agarászik	[/V][Prs.NDef.3Sg]	8570080167	63
bigézik	[/V][Prs.NDef.3Sg]	8570080167	7
fűtőzik	[/V][Prs.NDef.3Sg]	8570080167	13
germózik	[/V][Prs.NDef.3Sg]	8570080167	11
híresedik	[/V][Prs.NDef.3Sg]	8570080167	83
likőrözik	[/V][Prs.NDef.3Sg]	8570080167	10
rózsállik	[/V][Prs.NDef.3Sg]	8570080167	48
tojózik	[/V][Prs.NDef.3Sg]	8570080167	21
biflázik	[/V][Prs.NDef.3Sg]	8570080167	206
diázik	[/V][Prs.NDef.3Sg]	8570080167	32
gyüremlik	[/V][Prs.NDef.3Sg]	8570080167	11
hepajozik	[/V][Prs.NDef.3Sg]	8570080167	18
igázik	[/V][Prs.NDef.3Sg]	8570080167	522
kirugódik	[/V][Prs.NDef.3Sg]	8570080167	22
kuksizik	[/V][Prs.NDef.3Sg]	8570080167	48
nyűvődik	[/V][Prs.NDef.3Sg]	8570080167	12
nénjeik	[/V][Prs.NDef.3Sg]	8570080167	4
revesedik	[/V][Prs.NDef.3Sg]	8570080167	6
rákászik	[/V][Prs.NDef.3Sg]	8570080167	134
ródlizik	[/V][Prs.NDef.3Sg]	8570080167	61
tokásodik	[/V][Prs.NDef.3Sg]	8570080167	15
utálkodik	[/V][Prs.NDef.3Sg]	8570080167	9
amik	[/V][Prs.NDef.3Sg]	8570080167	721
börzézik	[/V][Prs.NDef.3Sg]	8570080167	14
egyik	[/V][Prs.NDef.3Sg]	8570080167	9067194
eprészik	[/V][Prs.NDef.3Sg]	8570080167	86
fiazik	[/V][Prs.NDef.3Sg]	8570080167	16
hajcsizik	[/V][Prs.NDef.3Sg]	8570080167	6
korábbik	[/V][Prs.NDef.3Sg]	8570080167	71
lasztizik	[/V][Prs.NDef.3Sg]	8570080167	22
nénózik	[/V][Prs.NDef.3Sg]	8570080167	2
petyhüdik	[/V][Prs.NDef.3Sg]	8570080167	119
rühelődik	[/V][Prs.NDef.3Sg]	8570080167	4
rühesedik	[/V][Prs.NDef.3Sg]	8570080167	13
silózik	[/V][Prs.NDef.3Sg]	8570080167	32
szik	[/V][Prs.NDef.3Sg]	8570080167	11264
tonik	[/V][Prs.NDef.3Sg]	8570080167	11669
aduzik	[/V][Prs.NDef.3Sg]	8570080167	42
csuklózik	[/V][Prs.NDef.3Sg]	8570080167	236
csíkászik	[/V][Prs.NDef.3Sg]	8570080167	21
hatodik	[/V][Prs.NDef.3Sg]	8570080167	24
indigózik	[/V][Prs.NDef.3Sg]	8570080167	41
kallózik	[/V][Prs.NDef.3Sg]	8570080167	14
kik	[/V][Prs.NDef.3Sg]	8570080167	952
kövérszik	[/V][Prs.NDef.3Sg]	8570080167	2
lepkészik	[/V][Prs.NDef.3Sg]	8570080167	59
lik	[/V][Prs.NDef.3Sg]	8570080167	19254
makizik	[/V][Prs.NDef.3Sg]	8570080167	3
mindenik	[/V][Prs.NDef.3Sg]	8570080167	14581
második	[/V][Prs.NDef.3Sg]	8570080167	101
métázik	[/V][Prs.NDef.3Sg]	8570080167	238
negyedik	[/V][Prs.NDef.3Sg]	8570080167	71
nekik	[/V][Prs.NDef.3Sg]	8570080167	26
palizik	[/V][Prs.NDef.3Sg]	8570080167	236
pincézik	[/V][Prs.NDef.3Sg]	8570080167	11
pőcsik	[/V][Prs.NDef.3Sg]	8570080167	93
rinyázik	[/V][Prs.NDef.3Sg]	8570080167	6
subázik	[/V][Prs.NDef.3Sg]	8570080167	24
trémázik	[/V][Prs.NDef.3Sg]	8570080167	7
tyúkászik	[/V][Prs.NDef.3Sg]	8570080167	8
tósztozik	[/V][Prs.NDef.3Sg]	8570080167	7
valakik	[/V][Prs.NDef.3Sg]	8570080167	24
vonalazik	[/V][Prs.NDef.3Sg]	8570080167	22
